,Unnamed: 0,브랜드,매장이름,매장주소,구 이름,lat,lng
0,0,스타벅스,역삼아레나빌딩  ,"서울 중랑구 동일로 815, 1층",강남구,37.4966645,127.0629804
1,1,스타벅스,논현역사거리  ,"서울 중랑구 동일로 815, 1층",강남구,37.5164665,127.0404191
2,2,스타벅스,신사역성일빌딩  ,"서울 중랑구 동일로 815, 1층",강남구,37.514236,127.031593
3,3,스타벅스,국기원사거리  ,"서울 중랑구 동일로 815, 1층",강남구,37.4991887,127.0633458
4,4,스타벅스,대치재경빌딩R  ,"서울 중랑구 동일로 815, 1층",강남구,37.522336,127.031173
5,5,스타벅스,봉은사역  ,"서울 중랑구 동일로 815, 1층",강남구,37.4966645,127.0629804
6,6,스타벅스,압구정윤성빌딩  ,"서울 중랑구 동일로 815, 1층",강남구,37.4762779,127.1003704
7,7,스타벅스,코엑스별마당  ,"서울 중랑구 동일로 815, 1층",강남구,37.4893117,127.0688124
8,8,스타벅스,삼성역섬유센터R  ,"서울 중랑구 동일로 815, 1층",강남구,37.5173236,127.034148
9,9,스타벅스,압구정R  ,"서울 중랑구 동일로 815, 1층",강남구,Nan,Nan
10,10,스타벅스,수서역R  ,"서울 중랑구 동일로 815, 1층",강남구,37.4823936,127.0430248
11,11,스타벅스,양재강남빌딩R  ,"서울 중랑구 동일로 815, 1층",강남구,37.522011,127.034575
12,12,스타벅스,선릉동신빌딩R  ,"서울 중랑구 동일로 815, 1층",강남구,37.50698939999999,127.061869
13,13,스타벅스,봉은사로선정릉  ,"서울 중랑구 동일로 815, 1층",강남구,37.516955,127.0417748
14,14,스타벅스,강남오거리  ,"서울 중랑구 동일로 815, 1층",강남구,37.5128889,127.0526509
15,15,스타벅스,스타필드코엑스몰R  ,"서울 중랑구 동일로 815, 1층",강남구,Nan,Nan
16,16,스타벅스,강남구청정문  ,"서울 중랑구 동일로 815, 1층",강남구,37.504487,127.048957
17,17,스타벅스,도곡공원  ,"서울 중랑구 동일로 815, 1층",강남구,Nan,Nan
18,18,스타벅스,강남R  ,"서울 중랑구 동일로 815, 1층",강남구,37.4874685,127.1013245
19,19,스타벅스,대치은마사거리  ,"서울 중랑구 동일로 815, 1층",강남구,Nan,Nan
20,20,스타벅스,청담영동대로  ,"서울 중랑구 동일로 815, 1층",강남구,Nan,Nan
21,21,스타벅스,압구정  ,"서울 중랑구 동일로 815, 1층",강남구,37.5271478,127.0334517
22,22,스타벅스,신사가로수  ,"서울 중랑구 동일로 815, 1층",강남구,37.4928313,127.0391191
23,23,스타벅스,청담스타R  ,"서울 중랑구 동일로 815, 1층",강남구,37.5047772,127.0434189
24,24,스타벅스,강남우성  ,"서울 중랑구 동일로 815, 1층",강남구,Nan,Nan
25,25,스타벅스,학동사거리  ,"서울 중랑구 동일로 815, 1층",강남구,37.4985129,127.0479773
26,26,스타벅스,대치사거리  ,"서울 중랑구 동일로 815, 1층",강남구,37.5000776,127.0385419
27,27,스타벅스,포스코사거리  ,"서울 중랑구 동일로 815, 1층",강남구,37.50024459999999,127.0428592
28,28,스타벅스,을지병원사거리  ,"서울 중랑구 동일로 815, 1층",강남구,37.5056544,127.035549
29,29,스타벅스,신사역  ,"서울 중랑구 동일로 815, 1층",강남구,37.4951242,127.0311487
30,30,스타벅스,도곡역  ,"서울 중랑구 동일로 815, 1층",강남구,37.5187933,127.0287749
31,31,스타벅스,서울세관사거리  ,"서울 중랑구 동일로 815, 1층",강남구,37.5104556,127.0328766
32,32,스타벅스,청담사거리  ,"서울 중랑구 동일로 815, 1층",강남구,37.4880579,127.0828672
33,33,스타벅스,한티역  ,"서울 중랑구 동일로 815, 1층",강남구,37.5241801,127.0473251
34,34,스타벅스,역삼초교사거리  ,"서울 중랑구 동일로 815, 1층",강남구,Nan,Nan
35,35,스타벅스,코엑스몰  ,"서울 중랑구 동일로 815, 1층",강남구,Nan,Nan
36,36,스타벅스,가로수길  ,"서울 중랑구 동일로 815, 1층",강남구,37.5136787,127.0317124
37,37,스타벅스,역삼대로  ,"서울 중랑구 동일로 815, 1층",강남구,37.51308,127.0336405
38,38,스타벅스,역삼포스코  ,"서울 중랑구 동일로 815, 1층",강남구,37.6405924,127.0161551
39,39,스타벅스,강남대로  ,"서울 중랑구 동일로 815, 1층",강남구,Nan,Nan
40,40,스타벅스,청담  ,"서울 중랑구 동일로 815, 1층",강남구,37.6214313,127.0406246
41,41,스타벅스,삼성도심공항  ,"서울 중랑구 동일로 815, 1층",강남구,Nan,Nan
42,42,스타벅스,삼성교  ,"서울 중랑구 동일로 815, 1층",강남구,Nan,Nan
43,43,스타벅스,학동역  ,"서울 중랑구 동일로 815, 1층",강남구,37.6218623,127.0281853
44,44,스타벅스,대치  ,"서울 중랑구 동일로 815, 1층",강남구,37.629038,127.0367452
45,45,스타벅스,SSG마켓도곡R  ,"서울 중랑구 동일로 815, 1층",강남구,37.660833,126.993333
46,46,스타벅스,삼성  ,"서울 중랑구 동일로 815, 1층",강남구,37.616351,127.019038
47,47,스타벅스,선릉세화빌딩  ,"서울 중랑구 동일로 815, 1층",강남구,Nan,Nan
48,48,스타벅스,압구정역  ,"서울 중랑구 동일로 815, 1층",강남구,Nan,Nan
49,49,스타벅스,압구정로  ,"서울 중랑구 동일로 815, 1층",강남구,37.6626046,127.0113765
50,50,스타벅스,구역삼사거리  ,"서울 중랑구 동일로 815, 1층",강남구,Nan,Nan
51,51,스타벅스,큰길타워  ,"서울 중랑구 동일로 815, 1층",강남구,37.5592805,126.8393255
52,52,스타벅스,강남구청역  ,"서울 중랑구 동일로 815, 1층",강남구,37.5548971,126.8558599
53,53,스타벅스,대치역  ,"서울 중랑구 동일로 815, 1층",강남구,37.5612346,126.8228132
54,54,스타벅스,포이  ,"서울 중랑구 동일로 815, 1층",강남구,37.5650437,126.8488292
55,55,스타벅스,아크플레이스  ,"서울 중랑구 동일로 815, 1층",강남구,Nan,Nan
56,56,스타벅스,학여울역  ,"서울 중랑구 동일로 815, 1층",강남구,Nan,Nan
57,57,스타벅스,선정릉역  ,"서울 중랑구 동일로 815, 1층",강남구,35.1728688,128.9471783
58,58,스타벅스,삼성현대힐  ,"서울 중랑구 동일로 815, 1층",강남구,37.5475815,126.8487431
59,59,스타벅스,GS타워  ,"서울 중랑구 동일로 815, 1층",강남구,37.5317675,126.8467055
60,60,스타벅스,압구정미소  ,"서울 중랑구 동일로 815, 1층",강남구,37.5524944,126.8333061
61,61,스타벅스,선릉역  ,"서울 중랑구 동일로 815, 1층",강남구,37.5605161,126.8558914
62,62,스타벅스,코엑스사거리  ,"서울 중랑구 동일로 815, 1층",강남구,37.5360455,126.8631085
63,63,스타벅스,역삼럭키  ,"서울 중랑구 동일로 815, 1층",강남구,Nan,Nan
64,64,스타벅스,신압구정  ,"서울 중랑구 동일로 815, 1층",강남구,37.5669356,126.8265611
65,65,스타벅스,아크로힐스논현  ,"서울 중랑구 동일로 815, 1층",강남구,Nan,Nan
66,66,스타벅스,강남비젼타워  ,"서울 중랑구 동일로 815, 1층",강남구,37.5706297,126.8298909
67,67,스타벅스,압구정로데오역  ,"서울 중랑구 동일로 815, 1층",강남구,37.5584156,126.8294265
68,68,스타벅스,르네상스사거리  ,"서울 중랑구 동일로 815, 1층",강남구,37.56925,126.826148
69,69,스타벅스,포스코  ,"서울 중랑구 동일로 815, 1층",강남구,37.5759058,126.8135931
70,70,스타벅스,선릉로  ,"서울 중랑구 동일로 815, 1층",강남구,Nan,Nan
71,71,스타벅스,논현힐탑  ,"서울 중랑구 동일로 815, 1층",강남구,35.1805342,128.9545074
72,72,스타벅스,도산가로수길  ,"서울 중랑구 동일로 815, 1층",강남구,35.0947412,128.9245066
73,73,스타벅스,대치한티  ,"서울 중랑구 동일로 815, 1층",강남구,35.1917433,129.1311163
74,74,스타벅스,개포동  ,"서울 중랑구 동일로 815, 1층",강남구,35.2100142,129.0688702
75,75,스타벅스,수서역사거리  ,"서울 중랑구 동일로 815, 1층",강남구,35.1028346,128.9239165
76,76,스타벅스,코엑스아셈타워  ,"서울 중랑구 동일로 815, 1층",강남구,35.2100142,129.0688702
77,77,스타벅스,센터필드R  ,"서울 중랑구 동일로 815, 1층",강남구,35.2100142,129.0688702
78,78,스타벅스,도산사거리  ,"서울 중랑구 동일로 815, 1층",강남구,35.1664011,128.9548418
79,79,스타벅스,강남세곡  ,"서울 중랑구 동일로 815, 1층",강남구,37.5584004,126.8238702
80,80,스타벅스,대치삼성프라자  ,"서울 중랑구 동일로 815, 1층",강남구,Nan,Nan
81,81,스타벅스,언주역  ,"서울 중랑구 동일로 815, 1층",강남구,37.567513,126.817353
82,82,스타벅스,강남역신분당역사  ,"서울 중랑구 동일로 815, 1층",강남구,37.5472175,126.8744885
83,83,스타벅스,삼성역  ,"서울 중랑구 동일로 815, 1층",강남구,37.5572518,126.864441
84,84,스타벅스,테헤란로아남타워  ,"서울 중랑구 동일로 815, 1층",강남구,Nan,Nan
85,85,스타벅스,강남논현  ,"서울 중랑구 동일로 815, 1층",강남구,37.5334296,126.8591764
86,86,스타벅스,삼성동  ,"서울 중랑구 동일로 815, 1층",강남구,37.5406979,126.8472722
87,87,스타벅스,역삼이마트  ,"서울 중랑구 동일로 815, 1층",강남구,37.5422013,126.8441729
88,88,스타벅스,미아뉴타운  ,"서울 중랑구 동일로 815, 1층",강북구,37.5316969,126.8634675
89,89,스타벅스,강북구청사거리  ,"서울 중랑구 동일로 815, 1층",강북구,37.4673709,126.9453359
90,90,스타벅스,미아사거리역  ,"서울 중랑구 동일로 815, 1층",강북구,37.4673709,126.9453359
91,91,스타벅스,수유역  ,"서울 중랑구 동일로 815, 1층",강북구,37.4798379,126.9028794
92,92,스타벅스,미아역  ,"서울 중랑구 동일로 815, 1층",강북구,Nan,Nan
93,93,스타벅스,파라스파라서울  ,"서울 중랑구 동일로 815, 1층",강북구,Nan,Nan
94,94,스타벅스,발산역사거리  ,"서울 중랑구 동일로 815, 1층",강서구,37.4713968,126.9826511
95,95,스타벅스,마곡역  ,"서울 중랑구 동일로 815, 1층",강서구,Nan,Nan
96,96,스타벅스,우장산역  ,"서울 중랑구 동일로 815, 1층",강서구,37.4946139,126.9275795
97,97,스타벅스,마곡사이언스타워R  ,"서울 중랑구 동일로 815, 1층",강서구,37.4860487,126.9392578
98,98,스타벅스,방화DT  ,"서울 중랑구 동일로 815, 1층",강서구,37.4820349,126.9417875
99,99,스타벅스,마곡나루역  ,"서울 중랑구 동일로 815, 1층",강서구,37.4779671,126.9534883
100,100,스타벅스,마곡GMG  ,"서울 중랑구 동일로 815, 1층",강서구,Nan,Nan
101,101,스타벅스,가양역  ,"서울 중랑구 동일로 815, 1층",강서구,37.4813377,126.9489838
102,102,스타벅스,화곡DT  ,"서울 중랑구 동일로 815, 1층",강서구,Nan,Nan
103,103,스타벅스,양천향교역  ,"서울 중랑구 동일로 815, 1층",강서구,37.4736839,126.9130063
104,104,스타벅스,화곡동  ,"서울 중랑구 동일로 815, 1층",강서구,37.48340719999999,126.9218888
105,105,스타벅스,등촌  ,"서울 중랑구 동일로 815, 1층",강서구,37.47070679999999,126.9345817
106,106,스타벅스,염창역  ,"서울 중랑구 동일로 815, 1층",강서구,37.4631968,126.9358124
107,107,스타벅스,발산역  ,"서울 중랑구 동일로 815, 1층",강서구,37.4631968,126.9358124
108,108,스타벅스,까치산역  ,"서울 중랑구 동일로 815, 1층",강서구,37.4754552,126.9361887
109,109,스타벅스,발산역5번출구  ,"서울 중랑구 동일로 815, 1층",강서구,37.4631968,126.9358124
110,110,스타벅스,화곡역8번출구  ,"서울 중랑구 동일로 815, 1층",강서구,37.4837938,126.9280165
111,111,스타벅스,강서우장산  ,"서울 중랑구 동일로 815, 1층",강서구,37.4871359,126.9270388
112,112,스타벅스,등촌대로  ,"서울 중랑구 동일로 815, 1층",강서구,37.4725495,126.9662287
113,113,스타벅스,가양역사거리  ,"서울 중랑구 동일로 815, 1층",강서구,Nan,Nan
114,114,스타벅스,내발산  ,"서울 중랑구 동일로 815, 1층",강서구,37.5390185,127.0712074
115,115,스타벅스,마곡웰튼  ,"서울 중랑구 동일로 815, 1층",강서구,37.5390185,127.0712074
116,116,스타벅스,김포공항DT  ,"서울 중랑구 동일로 815, 1층",강서구,Nan,Nan
117,117,스타벅스,강서NC  ,"서울 중랑구 동일로 815, 1층",강서구,37.5407625,127.0793428
118,118,스타벅스,마곡나루공원  ,"서울 중랑구 동일로 815, 1층",강서구,Nan,Nan
119,119,스타벅스,송정역  ,"서울 중랑구 동일로 815, 1층",강서구,37.5373736,127.0830434
120,120,스타벅스,강서구청사거리  ,"서울 중랑구 동일로 815, 1층",강서구,Nan,Nan
121,121,스타벅스,낙성대역  ,"서울 중랑구 동일로 815, 1층",관악구,Nan,Nan
122,122,스타벅스,관악서울대입구R  ,"서울 중랑구 동일로 815, 1층",관악구,37.537153,127.086152
123,123,스타벅스,신림DT  ,"서울 중랑구 동일로 815, 1층",관악구,37.5573355,127.079589
124,124,스타벅스,서울대역  ,"서울 중랑구 동일로 815, 1층",관악구,Nan,Nan
125,125,스타벅스,낙성대DT  ,"서울 중랑구 동일로 815, 1층",관악구,37.531544,127.066708
126,126,스타벅스,사당  ,"서울 중랑구 동일로 815, 1층",관악구,Nan,Nan
127,127,스타벅스,보라매대교  ,"서울 중랑구 동일로 815, 1층",관악구,37.5525966,127.0720208
128,128,스타벅스,신림  ,"서울 중랑구 동일로 815, 1층",관악구,Nan,Nan
129,129,스타벅스,신림타임스트림  ,"서울 중랑구 동일로 815, 1층",관악구,37.531692,127.074516
130,130,스타벅스,서울대입구역  ,"서울 중랑구 동일로 815, 1층",관악구,Nan,Nan
131,131,스타벅스,서울대입구역8번출구  ,"서울 중랑구 동일로 815, 1층",관악구,37.56354400000001,127.0888304
132,132,스타벅스,봉천역  ,"서울 중랑구 동일로 815, 1층",관악구,37.5587877,127.0880424
133,133,스타벅스,건국대  ,"서울 중랑구 동일로 815, 1층",광진구,37.4760163,126.8917131
134,134,스타벅스,어린이대공원역  ,"서울 중랑구 동일로 815, 1층",광진구,Nan,Nan
135,135,스타벅스,아차산역  ,"서울 중랑구 동일로 815, 1층",광진구,Nan,Nan
136,136,스타벅스,올림픽대교북단  ,"서울 중랑구 동일로 815, 1층",광진구,Nan,Nan
137,137,스타벅스,구의DT  ,"서울 중랑구 동일로 815, 1층",광진구,37.4788157,126.8900708
138,138,스타벅스,자양사거리  ,"서울 중랑구 동일로 815, 1층",광진구,37.4883592,126.8888814
139,139,스타벅스,군자역  ,"서울 중랑구 동일로 815, 1층",광진구,37.4686637,126.887312
140,140,스타벅스,광나루  ,"서울 중랑구 동일로 815, 1층",광진구,37.4599717,126.8972361
141,141,스타벅스,건대스타시티  ,"서울 중랑구 동일로 815, 1층",광진구,37.4708713,126.9039792
142,142,스타벅스,건대입구  ,"서울 중랑구 동일로 815, 1층",광진구,37.4674733,126.8982935
143,143,스타벅스,구의역  ,"서울 중랑구 동일로 815, 1층",광진구,37.4693385,126.8971388
144,144,스타벅스,광장  ,"서울 중랑구 동일로 815, 1층",광진구,37.4484646,126.9030913
145,145,스타벅스,건국클래식  ,"서울 중랑구 동일로 815, 1층",광진구,37.4340449,126.9048803
146,146,스타벅스,건대후문  ,"서울 중랑구 동일로 815, 1층",광진구,37.6145748,126.9129713
147,147,스타벅스,중곡역  ,"서울 중랑구 동일로 815, 1층",광진구,37.4142762,127.0932251
148,148,스타벅스,자양이마트  ,"서울 중랑구 동일로 815, 1층",광진구,37.3876636,126.7424142
149,149,스타벅스,뚝섬유원지역  ,"서울 중랑구 동일로 815, 1층",광진구,37.4418469,126.9038942
150,150,스타벅스,군자사거리  ,"서울 중랑구 동일로 815, 1층",광진구,37.3864796,126.7841675
151,151,스타벅스,금천구청역  ,"서울 중랑구 동일로 815, 1층",금천구,37.6243797,127.0719821
152,152,스타벅스,가산에스케이  ,"서울 중랑구 동일로 815, 1층",금천구,37.6194277,127.05982
153,153,스타벅스,독산사거리  ,"서울 중랑구 동일로 815, 1층",금천구,37.6525076,127.075042
154,154,스타벅스,금천시흥  ,"서울 중랑구 동일로 815, 1층",금천구,37.6610279,127.0650403
155,155,스타벅스,가산디지털단지역  ,"서울 중랑구 동일로 815, 1층",금천구,37.670193,127.0797411
156,156,스타벅스,금천독산  ,"서울 중랑구 동일로 815, 1층",금천구,37.67299089999999,127.0703498
157,157,스타벅스,가산디지털  ,"서울 중랑구 동일로 815, 1층",금천구,37.660566,127.073202
158,158,스타벅스,마리오아울렛  ,"서울 중랑구 동일로 815, 1층",금천구,Nan,Nan
159,159,스타벅스,가산브이타워  ,"서울 중랑구 동일로 815, 1층",금천구,Nan,Nan
160,160,스타벅스,가산그레이트  ,"서울 중랑구 동일로 815, 1층",금천구,37.6281126,127.0904568
161,161,스타벅스,독산역  ,"서울 중랑구 동일로 815, 1층",금천구,37.6366808,127.0684246
162,162,스타벅스,가산현대아울렛  ,"서울 중랑구 동일로 815, 1층",금천구,37.6366808,127.0684246
163,163,스타벅스,월계역  ,"서울 중랑구 동일로 815, 1층",노원구,Nan,Nan
164,164,스타벅스,월계트레이더스  ,"서울 중랑구 동일로 815, 1층",노원구,37.628784,127.0826588
165,165,스타벅스,상계초교사거리  ,"서울 중랑구 동일로 815, 1층",노원구,37.62644,127.0619091
166,166,스타벅스,공릉DT  ,"서울 중랑구 동일로 815, 1층",노원구,37.633114,127.058835
167,167,스타벅스,노원마들역  ,"서울 중랑구 동일로 815, 1층",노원구,Nan,Nan
168,168,스타벅스,공릉역  ,"서울 중랑구 동일로 815, 1층",노원구,37.6467767,127.0727636
169,169,스타벅스,은행사거리  ,"서울 중랑구 동일로 815, 1층",노원구,37.6510125,127.0799977
170,170,스타벅스,노원KT  ,"서울 중랑구 동일로 815, 1층",노원구,Nan,Nan
171,171,스타벅스,광운대  ,"서울 중랑구 동일로 815, 1층",노원구,Nan,Nan
172,172,스타벅스,중계역  ,"서울 중랑구 동일로 815, 1층",노원구,Nan,Nan
173,173,스타벅스,노원역  ,"서울 중랑구 동일로 815, 1층",노원구,37.6511988,127.0161604
174,174,스타벅스,월계이마트  ,"서울 중랑구 동일로 815, 1층",노원구,37.6568512,127.0399081
175,175,스타벅스,태릉입구역DT  ,"서울 중랑구 동일로 815, 1층",노원구,Nan,Nan
176,176,스타벅스,노원상계  ,"서울 중랑구 동일로 815, 1층",노원구,37.6743592,127.0477686
177,177,스타벅스,창동이마트  ,"서울 중랑구 동일로 815, 1층",도봉구,37.6842049,127.0448504
178,178,스타벅스,쌍문역  ,"서울 중랑구 동일로 815, 1층",도봉구,Nan,Nan
179,179,스타벅스,쌍문도봉로  ,"서울 중랑구 동일로 815, 1층",도봉구,Nan,Nan
180,180,스타벅스,도봉로DT  ,"서울 중랑구 동일로 815, 1층",도봉구,Nan,Nan
181,181,스타벅스,방학역  ,"서울 중랑구 동일로 815, 1층",도봉구,37.6657273,127.0352862
182,182,스타벅스,창동역  ,"서울 중랑구 동일로 815, 1층",도봉구,37.6544953,127.026558
183,183,스타벅스,노량진동  ,"서울 중랑구 동일로 815, 1층",동작구,37.656048,127.013278
184,184,스타벅스,남성역  ,"서울 중랑구 동일로 815, 1층",동작구,Nan,Nan
185,185,스타벅스,상도역  ,"서울 중랑구 동일로 815, 1층",동작구,37.6533557,127.0271003
186,186,스타벅스,보라매공원R  ,"서울 중랑구 동일로 815, 1층",동작구,37.6533557,127.0271003
187,187,스타벅스,이수자이  ,"서울 중랑구 동일로 815, 1층",동작구,37.6533557,127.0271003
188,188,스타벅스,노량진역  ,"서울 중랑구 동일로 815, 1층",동작구,37.6436098,127.039128
189,189,스타벅스,신대방삼거리역  ,"서울 중랑구 동일로 815, 1층",동작구,37.6605123,127.049623
190,190,스타벅스,중앙대  ,"서울 중랑구 동일로 815, 1층",동작구,Nan,Nan
191,191,스타벅스,숭실대입구역  ,"서울 중랑구 동일로 815, 1층",동작구,37.6487061,127.0525283
192,192,스타벅스,숭실대  ,"서울 중랑구 동일로 815, 1층",동작구,37.6498313,127.0412393
193,193,스타벅스,사당역  ,"서울 중랑구 동일로 815, 1층",동작구,37.65509040000001,127.0433286
194,194,스타벅스,서강대프라자  ,"서울 중랑구 동일로 815, 1층",마포구,Nan,Nan
195,195,스타벅스,상암YTN  ,"서울 중랑구 동일로 815, 1층",마포구,37.51495730000001,126.9506959
196,196,스타벅스,마포용강동  ,"서울 중랑구 동일로 815, 1층",마포구,37.5131659,126.9379137
197,197,스타벅스,홍대입구역사거리R  ,"서울 중랑구 동일로 815, 1층",마포구,Nan,Nan
198,198,스타벅스,마포경찰서후문  ,"서울 중랑구 동일로 815, 1층",마포구,37.51408199999999,126.941687
199,199,스타벅스,공덕  ,"서울 중랑구 동일로 815, 1층",마포구,37.4909872,126.9075896
200,200,스타벅스,합정폴리스R  ,"서울 중랑구 동일로 815, 1층",마포구,Nan,Nan
201,201,스타벅스,홍대공항철도역  ,"서울 중랑구 동일로 815, 1층",마포구,37.4932342,126.9197115
202,202,스타벅스,마포염리  ,"서울 중랑구 동일로 815, 1층",마포구,37.499929,126.920282
203,203,스타벅스,서강광흥창역  ,"서울 중랑구 동일로 815, 1층",마포구,37.476559,126.981633
204,204,스타벅스,합정  ,"서울 중랑구 동일로 815, 1층",마포구,37.476559,126.981633
205,205,스타벅스,서강대흥역  ,"서울 중랑구 동일로 815, 1층",마포구,Nan,Nan
206,206,스타벅스,서교동사거리  ,"서울 중랑구 동일로 815, 1층",마포구,37.4987343,126.9440592
207,207,스타벅스,상암사보이시티  ,"서울 중랑구 동일로 815, 1층",마포구,37.499717,126.928189
208,208,스타벅스,신촌오거리  ,"서울 중랑구 동일로 815, 1층",마포구,37.50007,126.93717
209,209,스타벅스,상암디지털큐브  ,"서울 중랑구 동일로 815, 1층",마포구,Nan,Nan
210,210,스타벅스,상수역  ,"서울 중랑구 동일로 815, 1층",마포구,Nan,Nan
211,211,스타벅스,공덕오거리  ,"서울 중랑구 동일로 815, 1층",마포구,37.4878646,126.9826094
212,212,스타벅스,서강대  ,"서울 중랑구 동일로 815, 1층",마포구,37.4886232,126.9668169
213,213,스타벅스,상암MBC  ,"서울 중랑구 동일로 815, 1층",마포구,37.5044565,126.9158805
214,214,스타벅스,동교  ,"서울 중랑구 동일로 815, 1층",마포구,Nan,Nan
215,215,스타벅스,애오개역  ,"서울 중랑구 동일로 815, 1층",마포구,37.54322,126.951576
216,216,스타벅스,상암DMC  ,"서울 중랑구 동일로 815, 1층",마포구,Nan,Nan
217,217,스타벅스,마포일진빌딩  ,"서울 중랑구 동일로 815, 1층",마포구,37.5420448,126.9504383
218,218,스타벅스,마포아크로  ,"서울 중랑구 동일로 815, 1층",마포구,37.5593115,126.9082589
219,219,스타벅스,홍대삼거리  ,"서울 중랑구 동일로 815, 1층",마포구,37.5593115,126.9082589
220,220,스타벅스,망원역  ,"서울 중랑구 동일로 815, 1층",마포구,37.5423517,126.9533344
221,221,스타벅스,마포이마트  ,"서울 중랑구 동일로 815, 1층",마포구,37.5543031,126.9052551
222,222,스타벅스,합정메세나몰  ,"서울 중랑구 동일로 815, 1층",마포구,Nan,Nan
223,223,스타벅스,아현역대로  ,"서울 중랑구 동일로 815, 1층",마포구,37.56075999999999,126.905464
224,224,스타벅스,디지털미디어시티역  ,"서울 중랑구 동일로 815, 1층",마포구,37.5533238,126.9327245
225,225,스타벅스,홍대역8번출구  ,"서울 중랑구 동일로 815, 1층",마포구,37.5739081,126.8834188
226,226,스타벅스,합정푸르지오  ,"서울 중랑구 동일로 815, 1층",마포구,37.5707485,126.8798744
227,227,스타벅스,홍대동교  ,"서울 중랑구 동일로 815, 1층",마포구,37.5761262,126.8986854
228,228,스타벅스,망원한강공원  ,"서울 중랑구 동일로 815, 1층",마포구,37.5677584,126.8981147
229,229,스타벅스,홍대역  ,"서울 중랑구 동일로 815, 1층",마포구,Nan,Nan
230,230,스타벅스,가재울뉴타운  ,"서울 중랑구 동일로 815, 1층",서대문구,37.5602399,126.916669
231,231,스타벅스,남가좌사거리  ,"서울 중랑구 동일로 815, 1층",서대문구,37.5550101,126.9454102
232,232,스타벅스,신촌역  ,"서울 중랑구 동일로 815, 1층",서대문구,37.5551188,126.936835
233,233,스타벅스,연희동  ,"서울 중랑구 동일로 815, 1층",서대문구,Nan,Nan
234,234,스타벅스,아현역  ,"서울 중랑구 동일로 815, 1층",서대문구,37.5650797,126.9399549
235,235,스타벅스,홍제역  ,"서울 중랑구 동일로 815, 1층",서대문구,37.55359,126.956739
236,236,스타벅스,연세백양로  ,"서울 중랑구 동일로 815, 1층",서대문구,Nan,Nan
237,237,스타벅스,연희DT  ,"서울 중랑구 동일로 815, 1층",서대문구,37.5563164,126.8993901
238,238,스타벅스,경기대  ,"서울 중랑구 동일로 815, 1층",서대문구,37.5494407,126.9103713
239,239,스타벅스,신촌  ,"서울 중랑구 동일로 815, 1층",서대문구,37.5483014,126.9111751
240,240,스타벅스,이대R  ,"서울 중랑구 동일로 815, 1층",서대문구,37.54862,126.9137363
241,241,스타벅스,연세종합관  ,"서울 중랑구 동일로 815, 1층",서대문구,37.5495753,126.9139908
242,242,스타벅스,이대ECC  ,"서울 중랑구 동일로 815, 1층",서대문구,37.550458,126.9133567
243,243,스타벅스,연대  ,"서울 중랑구 동일로 815, 1층",서대문구,Nan,Nan
244,244,스타벅스,신촌아트레온  ,"서울 중랑구 동일로 815, 1층",서대문구,Nan,Nan
245,245,스타벅스,충정로역  ,"서울 중랑구 동일로 815, 1층",서대문구,37.572893,126.912428
246,246,스타벅스,연대동문  ,"서울 중랑구 동일로 815, 1층",서대문구,37.5802219,126.9226047
247,247,스타벅스,신촌명물거리  ,"서울 중랑구 동일로 815, 1층",서대문구,Nan,Nan
248,248,스타벅스,충정타워  ,"서울 중랑구 동일로 815, 1층",서대문구,Nan,Nan
249,249,스타벅스,이대역  ,"서울 중랑구 동일로 815, 1층",서대문구,37.5787976,126.9111852
250,250,스타벅스,북가좌DT  ,"서울 중랑구 동일로 815, 1층",서대문구,37.5777796,126.9390623
251,251,스타벅스,현대신촌  ,"서울 중랑구 동일로 815, 1층",서대문구,37.5777796,126.9390623
252,252,스타벅스,방배로  ,"서울 중랑구 동일로 815, 1층",서초구,37.5650797,126.9399549
253,253,스타벅스,강남교보타워R  ,"서울 중랑구 동일로 815, 1층",서초구,37.5670897,126.9467503
254,254,스타벅스,방배다이치빌딩  ,"서울 중랑구 동일로 815, 1층",서초구,37.5627439,126.9214088
255,255,스타벅스,센트럴F1  ,"서울 중랑구 동일로 815, 1층",서초구,37.5663937,126.9387066
256,256,스타벅스,서초역이화빌딩  ,"서울 중랑구 동일로 815, 1층",서초구,37.5681791,126.9322133
257,257,스타벅스,서초구청  ,"서울 중랑구 동일로 815, 1층",서초구,37.5618588,126.9468339
258,258,스타벅스,서초우성사거리  ,"서울 중랑구 동일로 815, 1층",서초구,37.5615704,126.9626807
259,259,스타벅스,이수역사거리  ,"서울 중랑구 동일로 815, 1층",서초구,37.5047834,127.0034397
260,260,스타벅스,강남대로신사  ,"서울 중랑구 동일로 815, 1층",서초구,Nan,Nan
261,261,스타벅스,서울고속터미널  ,"서울 중랑구 동일로 815, 1층",서초구,36.8979836,127.5366261
262,262,스타벅스,강남대로논현R  ,"서울 중랑구 동일로 815, 1층",서초구,37.4777592,127.0083043
263,263,스타벅스,방배  ,"서울 중랑구 동일로 815, 1층",서초구,37.4971902,127.0033029
264,264,스타벅스,방배카페거리  ,"서울 중랑구 동일로 815, 1층",서초구,37.497689,127.0028333
265,265,스타벅스,서초법원  ,"서울 중랑구 동일로 815, 1층",서초구,Nan,Nan
266,266,스타벅스,청계산입구역  ,"서울 중랑구 동일로 815, 1층",서초구,Nan,Nan
267,267,스타벅스,사당로데오  ,"서울 중랑구 동일로 815, 1층",서초구,37.5039744,127.0007494
268,268,스타벅스,파미에파크R  ,"서울 중랑구 동일로 815, 1층",서초구,37.4794939,126.9931207
269,269,스타벅스,양재역  ,"서울 중랑구 동일로 815, 1층",서초구,Nan,Nan
270,270,스타벅스,논현역  ,"서울 중랑구 동일로 815, 1층",서초구,37.4794939,126.9931207
271,271,스타벅스,이수역  ,"서울 중랑구 동일로 815, 1층",서초구,37.5518911,126.9917937
272,272,스타벅스,내방역  ,"서울 중랑구 동일로 815, 1층",서초구,37.5518911,126.9917937
273,273,스타벅스,서초파라곤  ,"서울 중랑구 동일로 815, 1층",서초구,37.4854083,127.1194436
274,274,스타벅스,서울아트센터  ,"서울 중랑구 동일로 815, 1층",서초구,37.4732933,127.0312101
275,275,스타벅스,서초중앙로  ,"서울 중랑구 동일로 815, 1층",서초구,37.456613,127.0162785
276,276,스타벅스,센트럴시티  ,"서울 중랑구 동일로 815, 1층",서초구,37.4732933,127.0312101
277,277,스타벅스,강남삼성타운  ,"서울 중랑구 동일로 815, 1층",서초구,36.4240196,127.3958129
278,278,스타벅스,방배역  ,"서울 중랑구 동일로 815, 1층",서초구,37.4719823,127.0374623
279,279,스타벅스,반포역  ,"서울 중랑구 동일로 815, 1층",서초구,37.4651107,127.0362895
280,280,스타벅스,남부터미널  ,"서울 중랑구 동일로 815, 1층",서초구,37.483606,127.0342984
281,281,스타벅스,뉴코아강남  ,"서울 중랑구 동일로 815, 1층",서초구,37.4719823,127.0374623
282,282,스타벅스,강남2  ,"서울 중랑구 동일로 815, 1층",서초구,37.4786094,127.0113069
283,283,스타벅스,교대  ,"서울 중랑구 동일로 815, 1층",서초구,37.46593379999999,127.0179442
284,284,스타벅스,하이브랜드  ,"서울 중랑구 동일로 815, 1층",서초구,37.51296,127.011611
285,285,스타벅스,신논현역  ,"서울 중랑구 동일로 815, 1층",서초구,37.4484375,127.0554375
286,286,스타벅스,영동2교  ,"서울 중랑구 동일로 815, 1층",서초구,Nan,Nan
287,287,스타벅스,남부터미널2  ,"서울 중랑구 동일로 815, 1층",서초구,Nan,Nan
288,288,스타벅스,서래마을입구  ,"서울 중랑구 동일로 815, 1층",서초구,Nan,Nan
289,289,스타벅스,몬테소리  ,"서울 중랑구 동일로 815, 1층",서초구,37.6085948,127.0220461
290,290,스타벅스,서초역  ,"서울 중랑구 동일로 815, 1층",서초구,37.5977955,127.0182829
291,291,스타벅스,교대법원  ,"서울 중랑구 동일로 815, 1층",서초구,37.5996114,127.0134558
292,292,스타벅스,강남GT타워  ,"서울 중랑구 동일로 815, 1층",서초구,Nan,Nan
293,293,스타벅스,서초동  ,"서울 중랑구 동일로 815, 1층",서초구,37.6068163,127.0423832
294,294,스타벅스,서울교대  ,"서울 중랑구 동일로 815, 1층",서초구,37.5867232,127.0117083
295,295,스타벅스,강남에비뉴  ,"서울 중랑구 동일로 815, 1층",서초구,Nan,Nan
296,296,스타벅스,반포자이  ,"서울 중랑구 동일로 815, 1층",서초구,Nan,Nan
297,297,스타벅스,강남역우송빌딩  ,"서울 중랑구 동일로 815, 1층",서초구,37.6087633,127.0614552
298,298,스타벅스,서이초교사거리  ,"서울 중랑구 동일로 815, 1층",서초구,37.593909,127.015845
299,299,스타벅스,서울웨이브아트센터  ,"서울 중랑구 동일로 815, 1층",서초구,Nan,Nan
300,300,스타벅스,길음역  ,"서울 중랑구 동일로 815, 1층",성북구,37.5889656,127.02202
301,301,스타벅스,미아이마트  ,"서울 중랑구 동일로 815, 1층",성북구,37.6107208,127.0351251
302,302,스타벅스,종암DT  ,"서울 중랑구 동일로 815, 1층",성북구,37.6046451,127.0393912
303,303,스타벅스,미아  ,"서울 중랑구 동일로 815, 1층",성북구,37.6092663,127.0524388
304,304,스타벅스,성신여대정문  ,"서울 중랑구 동일로 815, 1층",성북구,37.61518720000001,127.0498879
305,305,스타벅스,종암  ,"서울 중랑구 동일로 815, 1층",성북구,37.61518720000001,127.0498879
306,306,스타벅스,삼선교  ,"서울 중랑구 동일로 815, 1층",성북구,37.61932410000001,127.0456896
307,307,스타벅스,월곡역  ,"서울 중랑구 동일로 815, 1층",성북구,37.61518720000001,127.0498879
308,308,스타벅스,고대  ,"서울 중랑구 동일로 815, 1층",성북구,37.615604,126.9976191
309,309,스타벅스,현대미아  ,"서울 중랑구 동일로 815, 1층",성북구,37.5971752,127.0338975
310,310,스타벅스,성신여대  ,"서울 중랑구 동일로 815, 1층",성북구,37.6046451,127.0393912
311,311,스타벅스,안암역  ,"서울 중랑구 동일로 815, 1층",성북구,37.58284829999999,127.0105811
312,312,스타벅스,한성대입구역  ,"서울 중랑구 동일로 815, 1층",성북구,Nan,Nan
313,313,스타벅스,고대안암병원  ,"서울 중랑구 동일로 815, 1층",성북구,Nan,Nan
314,314,스타벅스,장위뉴타운  ,"서울 중랑구 동일로 815, 1층",성북구,Nan,Nan
315,315,스타벅스,송파나루역DT  ,"서울 중랑구 동일로 815, 1층",송파구,Nan,Nan
316,316,스타벅스,송파헬리오시티  ,"서울 중랑구 동일로 815, 1층",송파구,Nan,Nan
317,317,스타벅스,잠실시그마타워  ,"서울 중랑구 동일로 815, 1층",송파구,37.4897279,127.1449912
318,318,스타벅스,문정법원로R  ,"서울 중랑구 동일로 815, 1층",송파구,37.4861088,127.1154062
319,319,스타벅스,송파개롱역  ,"서울 중랑구 동일로 815, 1층",송파구,37.4801136,127.1266705
320,320,스타벅스,문정하비오  ,"서울 중랑구 동일로 815, 1층",송파구,37.4855846,127.1225635
321,321,스타벅스,문정역  ,"서울 중랑구 동일로 815, 1층",송파구,37.4855049,127.1195171
322,322,스타벅스,잠실대교남단R  ,"서울 중랑구 동일로 815, 1층",송파구,Nan,Nan
323,323,스타벅스,송파위례  ,"서울 중랑구 동일로 815, 1층",송파구,Nan,Nan
324,324,스타벅스,송파방이DT  ,"서울 중랑구 동일로 815, 1층",송파구,37.5130915,127.1205626
325,325,스타벅스,올림픽평화의문  ,"서울 중랑구 동일로 815, 1층",송파구,Nan,Nan
326,326,스타벅스,송파아이파크  ,"서울 중랑구 동일로 815, 1층",송파구,Nan,Nan
327,327,스타벅스,송파사거리  ,"서울 중랑구 동일로 815, 1층",송파구,37.5208849,126.9698508
328,328,스타벅스,석촌서호  ,"서울 중랑구 동일로 815, 1층",송파구,37.5056483,127.1045
329,329,스타벅스,문정로데오  ,"서울 중랑구 동일로 815, 1층",송파구,37.5034635,127.1082718
330,330,스타벅스,올림픽훼미리  ,"서울 중랑구 동일로 815, 1층",송파구,37.5054335,127.1069587
331,331,스타벅스,올림픽공원남문  ,"서울 중랑구 동일로 815, 1층",송파구,37.4855846,127.1225635
332,332,스타벅스,방이역  ,"서울 중랑구 동일로 815, 1층",송파구,37.4885861,127.1153362
333,333,스타벅스,석촌호수  ,"서울 중랑구 동일로 815, 1층",송파구,37.4800023,127.144229
334,334,스타벅스,잠실푸르지오월드  ,"서울 중랑구 동일로 815, 1층",송파구,37.4835109,127.1299596
335,335,스타벅스,잠실새내역  ,"서울 중랑구 동일로 815, 1층",송파구,37.5332133,127.113992
336,336,스타벅스,잠실역  ,"서울 중랑구 동일로 815, 1층",송파구,37.4813436,127.1222378
337,337,스타벅스,갤러리아팰리스  ,"서울 중랑구 동일로 815, 1층",송파구,37.5056205,127.1152992
338,338,스타벅스,아시아선수촌  ,"서울 중랑구 동일로 815, 1층",송파구,Nan,Nan
339,339,스타벅스,올림픽아파트  ,"서울 중랑구 동일로 815, 1층",송파구,Nan,Nan
340,340,스타벅스,가락본동  ,"서울 중랑구 동일로 815, 1층",송파구,37.5206868,127.1214941
341,341,스타벅스,석촌역  ,"서울 중랑구 동일로 815, 1층",송파구,37.51593200000001,127.1320277
342,342,스타벅스,가락시장역  ,"서울 중랑구 동일로 815, 1층",송파구,37.4764108,127.1420412
343,343,스타벅스,가든파이브  ,"서울 중랑구 동일로 815, 1층",송파구,Nan,Nan
344,344,스타벅스,잠실본동  ,"서울 중랑구 동일로 815, 1층",송파구,37.5067945,127.0830482
345,345,스타벅스,송파NC  ,"서울 중랑구 동일로 815, 1층",송파구,Nan,Nan
346,346,스타벅스,송파거여역  ,"서울 중랑구 동일로 815, 1층",송파구,Nan,Nan
347,347,스타벅스,몽촌토성역  ,"서울 중랑구 동일로 815, 1층",송파구,37.5225885,126.8637585
348,348,스타벅스,송파KT  ,"서울 중랑구 동일로 815, 1층",송파구,Nan,Nan
349,349,스타벅스,문정법조타운 한양타워  ,"서울 중랑구 동일로 815, 1층",송파구,Nan,Nan
350,350,스타벅스,송파마천사거리DT  ,"서울 중랑구 동일로 815, 1층",송파구,37.5278991,126.8644008
351,351,스타벅스,목동파리공원  ,"서울 중랑구 동일로 815, 1층",양천구,37.5360367,126.8745334
352,352,스타벅스,등촌역  ,"서울 중랑구 동일로 815, 1층",양천구,37.5360367,126.8745334
353,353,스타벅스,목동행복한  ,"서울 중랑구 동일로 815, 1층",양천구,37.5360367,126.8745334
354,354,스타벅스,신정DT  ,"서울 중랑구 동일로 815, 1층",양천구,Nan,Nan
355,355,스타벅스,목동역  ,"서울 중랑구 동일로 815, 1층",양천구,37.5360367,126.8745334
356,356,스타벅스,목동오목로  ,"서울 중랑구 동일로 815, 1층",양천구,37.5360367,126.8745334
357,357,스타벅스,목동8단지  ,"서울 중랑구 동일로 815, 1층",양천구,37.5360367,126.8745334
358,358,스타벅스,오목교역  ,"서울 중랑구 동일로 815, 1층",양천구,Nan,Nan
359,359,스타벅스,신월IC DT  ,"서울 중랑구 동일로 815, 1층",양천구,Nan,Nan
360,360,스타벅스,목동7단지  ,"서울 중랑구 동일로 815, 1층",양천구,37.535108,126.8281644
361,361,스타벅스,목동5단지  ,"서울 중랑구 동일로 815, 1층",양천구,Nan,Nan
362,362,스타벅스,목동  ,"서울 중랑구 동일로 815, 1층",양천구,Nan,Nan
363,363,스타벅스,현대목동  ,"서울 중랑구 동일로 815, 1층",양천구,Nan,Nan
364,364,스타벅스,목동파라곤  ,"서울 중랑구 동일로 815, 1층",양천구,Nan,Nan
365,365,스타벅스,목동SBS  ,"서울 중랑구 동일로 815, 1층",양천구,37.5247402,126.8553909
366,366,스타벅스,목동트라팰리스  ,"서울 중랑구 동일로 815, 1층",양천구,Nan,Nan
367,367,스타벅스,목동10단지  ,"서울 중랑구 동일로 815, 1층",양천구,37.5279651,126.9160136
368,368,스타벅스,신월동DT  ,"서울 중랑구 동일로 815, 1층",양천구,Nan,Nan
369,369,스타벅스,타임스퀘어R  ,"서울 중랑구 동일로 815, 1층",영등포구,37.5244551,126.8915347
370,370,스타벅스,샛강역  ,"서울 중랑구 동일로 815, 1층",영등포구,37.5257108,126.9096108
371,371,스타벅스,영등포역  ,"서울 중랑구 동일로 815, 1층",영등포구,Nan,Nan
372,372,스타벅스,당산대로  ,"서울 중랑구 동일로 815, 1층",영등포구,37.532938,126.9043654
373,373,스타벅스,여의도IFC몰(L1)R  ,"서울 중랑구 동일로 815, 1층",영등포구,Nan,Nan
374,374,스타벅스,여의도KBS R  ,"서울 중랑구 동일로 815, 1층",영등포구,Nan,Nan
375,375,스타벅스,여의도화재보험  ,"서울 중랑구 동일로 815, 1층",영등포구,Nan,Nan
376,376,스타벅스,국회대로  ,"서울 중랑구 동일로 815, 1층",영등포구,Nan,Nan
377,377,스타벅스,영등포KT  ,"서울 중랑구 동일로 815, 1층",영등포구,Nan,Nan
378,378,스타벅스,여의도공원R  ,"서울 중랑구 동일로 815, 1층",영등포구,Nan,Nan
379,379,스타벅스,국회의사당역  ,"서울 중랑구 동일로 815, 1층",영등포구,Nan,Nan
380,380,스타벅스,선유도역  ,"서울 중랑구 동일로 815, 1층",영등포구,Nan,Nan
381,381,스타벅스,여의도역R  ,"서울 중랑구 동일로 815, 1층",영등포구,Nan,Nan
382,382,스타벅스,선유동이레빌딩  ,"서울 중랑구 동일로 815, 1층",영등포구,37.5118899,126.9215281
383,383,스타벅스,동여의도  ,"서울 중랑구 동일로 815, 1층",영등포구,37.496429,126.9086066
384,384,스타벅스,여의도ABL타워  ,"서울 중랑구 동일로 815, 1층",영등포구,37.5029408,126.9042156
385,385,스타벅스,영등포신길  ,"서울 중랑구 동일로 815, 1층",영등포구,37.5142068,126.9193378
386,386,스타벅스,문래역  ,"서울 중랑구 동일로 815, 1층",영등포구,37.505486,126.9130735
387,387,스타벅스,당산  ,"서울 중랑구 동일로 815, 1층",영등포구,Nan,Nan
388,388,스타벅스,여의도한양증권  ,"서울 중랑구 동일로 815, 1층",영등포구,37.5243251,126.8837313
389,389,스타벅스,여의도일신  ,"서울 중랑구 동일로 815, 1층",영등포구,37.527141,126.93281
390,390,스타벅스,신세계타임스퀘어B2  ,"서울 중랑구 동일로 815, 1층",영등포구,37.5219749,126.9300353
391,391,스타벅스,하이테크시티  ,"서울 중랑구 동일로 815, 1층",영등포구,37.5214005,126.9250315
392,392,스타벅스,여의도  ,"서울 중랑구 동일로 815, 1층",영등포구,37.526441,126.9041253
393,393,스타벅스,롯데캐슬여의도  ,"서울 중랑구 동일로 815, 1층",영등포구,37.5223245,126.9101692
394,394,스타벅스,문래동  ,"서울 중랑구 동일로 815, 1층",영등포구,37.5089587,126.9202027
395,395,스타벅스,신세계타임스퀘어1F  ,"서울 중랑구 동일로 815, 1층",영등포구,37.5133944,126.9087206
396,396,스타벅스,여의도호성  ,"서울 중랑구 동일로 815, 1층",영등포구,Nan,Nan
397,397,스타벅스,타임스퀘어B2  ,"서울 중랑구 동일로 815, 1층",영등포구,37.523923,126.9059749
398,398,스타벅스,영등포본동  ,"서울 중랑구 동일로 815, 1층",영등포구,37.51466569999999,126.8984728
399,399,스타벅스,타임스퀘어2F  ,"서울 중랑구 동일로 815, 1층",영등포구,37.5223245,126.9101692
400,400,스타벅스,여의도의사당  ,"서울 중랑구 동일로 815, 1층",영등포구,37.5223245,126.9101692
401,401,스타벅스,여의도IFC(1F)  ,"서울 중랑구 동일로 815, 1층",영등포구,37.5223245,126.9101692
402,402,스타벅스,여의도신한투자증권타워  ,"서울 중랑구 동일로 815, 1층",영등포구,37.5181504,126.8958956
403,403,스타벅스,선유도역 1번출구  ,"서울 중랑구 동일로 815, 1층",영등포구,Nan,Nan
404,404,스타벅스,영등포시장역  ,"서울 중랑구 동일로 815, 1층",영등포구,Nan,Nan
405,405,스타벅스,영등포구청역  ,"서울 중랑구 동일로 815, 1층",영등포구,37.621541,126.913578
406,406,스타벅스,서울양평역  ,"서울 중랑구 동일로 815, 1층",영등포구,Nan,Nan
407,407,스타벅스,영등포시장교차로  ,"서울 중랑구 동일로 815, 1층",영등포구,37.6380439,126.9190165
408,408,스타벅스,더현대서울(B2)R  ,"서울 중랑구 동일로 815, 1층",영등포구,37.6046138,126.9323836
409,409,스타벅스,당산역사거리  ,"서울 중랑구 동일로 815, 1층",영등포구,37.6015018,126.9262792
410,410,스타벅스,신풍역  ,"서울 중랑구 동일로 815, 1층",영등포구,37.5952863,126.91888
411,411,스타벅스,불광역  ,"서울 중랑구 동일로 815, 1층",은평구,37.601057,126.922093
412,412,스타벅스,구파발사거리  ,"서울 중랑구 동일로 815, 1층",은평구,37.6191594,126.9355669
413,413,스타벅스,연신내역사거리  ,"서울 중랑구 동일로 815, 1층",은평구,37.6178609,126.9238345
414,414,스타벅스,연신내  ,"서울 중랑구 동일로 815, 1층",은평구,37.59203050000001,126.913614
415,415,스타벅스,구파발역  ,"서울 중랑구 동일로 815, 1층",은평구,Nan,Nan
416,416,스타벅스,은평구청입구  ,"서울 중랑구 동일로 815, 1층",은평구,Nan,Nan
417,417,스타벅스,은평이마트  ,"서울 중랑구 동일로 815, 1층",은평구,37.6045773,126.9146251
418,418,스타벅스,구산역  ,"서울 중랑구 동일로 815, 1층",은평구,37.6084175,126.9200573
419,419,스타벅스,수색  ,"서울 중랑구 동일로 815, 1층",은평구,37.6045773,126.9146251
420,420,스타벅스,새절역  ,"서울 중랑구 동일로 815, 1층",은평구,37.6081391,126.9323304
421,421,스타벅스,더북한산  ,"서울 중랑구 동일로 815, 1층",은평구,37.618812,126.920842
422,422,스타벅스,녹번역  ,"서울 중랑구 동일로 815, 1층",은평구,37.6211624,126.9202577
423,423,스타벅스,진관DT  ,"서울 중랑구 동일로 815, 1층",은평구,37.6010575,126.9296677
424,424,스타벅스,연합뉴스  ,"서울 중랑구 동일로 815, 1층",종로구,37.6003946,126.9202149
425,425,스타벅스,혜화역  ,"서울 중랑구 동일로 815, 1층",종로구,37.6009085,126.9330857
426,426,스타벅스,경희궁로  ,"서울 중랑구 동일로 815, 1층",종로구,37.5896698,126.9173637
427,427,스타벅스,강북삼성병원  ,"서울 중랑구 동일로 815, 1층",종로구,37.5994302,126.9304964
428,428,스타벅스,종로평창동  ,"서울 중랑구 동일로 815, 1층",종로구,Nan,Nan
429,429,스타벅스,광화문우체국  ,"서울 중랑구 동일로 815, 1층",종로구,37.5712378,126.9681688
430,430,스타벅스,종로R  ,"서울 중랑구 동일로 815, 1층",종로구,37.5709413,126.977787
431,431,스타벅스,독립문역  ,"서울 중랑구 동일로 815, 1층",종로구,37.8792639,127.7241321
432,432,스타벅스,정부서울청사R  ,"서울 중랑구 동일로 815, 1층",종로구,37.5782763,127.0016013
433,433,스타벅스,동묘앞역  ,"서울 중랑구 동일로 815, 1층",종로구,Nan,Nan
434,434,스타벅스,종로구청  ,"서울 중랑구 동일로 815, 1층",종로구,37.5819561,127.054846
435,435,스타벅스,북촌로  ,"서울 중랑구 동일로 815, 1층",종로구,Nan,Nan
436,436,스타벅스,종로수송  ,"서울 중랑구 동일로 815, 1층",종로구,37.5788204,127.0029303
437,437,스타벅스,새문안로  ,"서울 중랑구 동일로 815, 1층",종로구,37.5777646,126.967502
438,438,스타벅스,안국  ,"서울 중랑구 동일로 815, 1층",종로구,37.5793517,126.9826905
439,439,스타벅스,삼청동  ,"서울 중랑구 동일로 815, 1층",종로구,37.5687424,126.9867265
440,440,스타벅스,광화문D타워  ,"서울 중랑구 동일로 815, 1층",종로구,37.602638,126.955252
441,441,스타벅스,적선  ,"서울 중랑구 동일로 815, 1층",종로구,37.588227,126.993606
442,442,스타벅스,인사  ,"서울 중랑구 동일로 815, 1층",종로구,37.5755779,127.0189448
443,443,스타벅스,광화문  ,"서울 중랑구 동일로 815, 1층",종로구,Nan,Nan
444,444,스타벅스,성대입구  ,"서울 중랑구 동일로 815, 1층",종로구,37.5705376,126.9901047
445,445,스타벅스,스페이스본  ,"서울 중랑구 동일로 815, 1층",종로구,Nan,Nan
446,446,스타벅스,주얼리시티  ,"서울 중랑구 동일로 815, 1층",종로구,37.5740221,127.0018054
447,447,스타벅스,종각  ,"서울 중랑구 동일로 815, 1층",종로구,37.5705613,127.002241
448,448,스타벅스,동숭로아트  ,"서울 중랑구 동일로 815, 1층",종로구,37.5949159,126.977339
449,449,스타벅스,종로관철  ,"서울 중랑구 동일로 815, 1층",종로구,37.57289,126.9872414
450,450,스타벅스,경복궁역  ,"서울 중랑구 동일로 815, 1층",종로구,37.57079,126.98356
451,451,스타벅스,이마빌딩  ,"서울 중랑구 동일로 815, 1층",종로구,37.5760948,126.9902983
452,452,스타벅스,마로니에공원  ,"서울 중랑구 동일로 815, 1층",종로구,37.5756904,127.0158154
453,453,스타벅스,종로3가  ,"서울 중랑구 동일로 815, 1층",종로구,37.5705979,126.9906892
454,454,스타벅스,대학로  ,"서울 중랑구 동일로 815, 1층",종로구,37.5860305,127.0005638
455,455,스타벅스,경복궁사거리  ,"서울 중랑구 동일로 815, 1층",종로구,37.5573333,127.1724302
456,456,스타벅스,종로관수  ,"서울 중랑구 동일로 815, 1층",종로구,37.5504483,127.1470117
457,457,스타벅스,광화문교보문고  ,"서울 중랑구 동일로 815, 1층",종로구,37.5250705,127.1341777
458,458,스타벅스,정동  ,"서울 중랑구 동일로 815, 1층",종로구,37.5411617,127.1474294
459,459,스타벅스,종로플레이스  ,"서울 중랑구 동일로 815, 1층",종로구,37.5504483,127.1470117
460,460,스타벅스,강북삼성병원1층  ,"서울 중랑구 동일로 815, 1층",종로구,Nan,Nan
461,461,스타벅스,동숭길입구  ,"서울 중랑구 동일로 815, 1층",종로구,37.5725346,127.1758293
462,462,스타벅스,서울대치과병원  ,"서울 중랑구 동일로 815, 1층",종로구,37.55777399999999,127.1639117
463,463,스타벅스,서대문역  ,"서울 중랑구 동일로 815, 1층",종로구,Nan,Nan
464,464,스타벅스,숭례문북창  ,"서울 중랑구 동일로 815, 1층",중구,37.5339306,127.1385659
465,465,스타벅스,을지로4가역  ,"서울 중랑구 동일로 815, 1층",중구,37.5396157,127.1459293
466,466,스타벅스,동대문두타  ,"서울 중랑구 동일로 815, 1층",중구,37.5376246,127.1402323
467,467,스타벅스,대한상공회의소R  ,"서울 중랑구 동일로 815, 1층",중구,37.5282539,127.1447139
468,468,스타벅스,국립중앙의료원  ,"서울 중랑구 동일로 815, 1층",중구,37.55131,127.144014
469,469,스타벅스,동국대  ,"서울 중랑구 동일로 815, 1층",중구,37.552608,127.1424902
470,470,스타벅스,신세계본점5F  ,"서울 중랑구 동일로 815, 1층",중구,Nan,Nan
471,471,스타벅스,을지로내외빌딩R  ,"서울 중랑구 동일로 815, 1층",중구,35.2665934,128.2337839
472,472,스타벅스,대우재단빌딩  ,"서울 중랑구 동일로 815, 1층",중구,37.5578058,127.1310675
473,473,스타벅스,동대문공원  ,"서울 중랑구 동일로 815, 1층",중구,Nan,Nan
474,474,스타벅스,을지로국제빌딩  ,"서울 중랑구 동일로 815, 1층",중구,37.5443765,127.1276202
475,475,스타벅스,동대입구역  ,"서울 중랑구 동일로 815, 1층",중구,37.5443765,127.1276202
476,476,스타벅스,신당역사거리  ,"서울 중랑구 동일로 815, 1층",중구,37.5443765,127.1276202
477,477,스타벅스,연세세브란스  ,"서울 중랑구 동일로 815, 1층",중구,37.5467973,127.1346829
478,478,스타벅스,회현역  ,"서울 중랑구 동일로 815, 1층",중구,Nan,Nan
479,479,스타벅스,을지로경기빌딩  ,"서울 중랑구 동일로 815, 1층",중구,Nan,Nan
480,480,스타벅스,을지로2가  ,"서울 중랑구 동일로 815, 1층",중구,37.494698,126.858504
481,481,스타벅스,신세계본점6F  ,"서울 중랑구 동일로 815, 1층",중구,37.5062959,126.8581456
482,482,스타벅스,서울중앙우체국  ,"서울 중랑구 동일로 815, 1층",중구,37.498182,126.8670082
483,483,스타벅스,한국프레스센터  ,"서울 중랑구 동일로 815, 1층",중구,37.4999337,126.8828521
484,484,스타벅스,명동중앙로  ,"서울 중랑구 동일로 815, 1층",중구,37.4944134,126.8563336
485,485,스타벅스,약수역  ,"서울 중랑구 동일로 815, 1층",중구,37.4944134,126.8563336
486,486,스타벅스,중구저동  ,"서울 중랑구 동일로 815, 1층",중구,37.4939032,126.8876471
487,487,스타벅스,명동길  ,"서울 중랑구 동일로 815, 1층",중구,37.5004389,126.8285296
488,488,스타벅스,서소문로  ,"서울 중랑구 동일로 815, 1층",중구,37.5061515,126.8766478
489,489,스타벅스,신당역  ,"서울 중랑구 동일로 815, 1층",중구,37.4944134,126.8563336
490,490,스타벅스,명동메트로  ,"서울 중랑구 동일로 815, 1층",중구,37.5029356,126.8807663
491,491,스타벅스,숭례문  ,"서울 중랑구 동일로 815, 1층",중구,37.484317,126.897924
492,492,스타벅스,순화동더샵  ,"서울 중랑구 동일로 815, 1층",중구,37.4944134,126.8563336
493,493,스타벅스,대한극장  ,"서울 중랑구 동일로 815, 1층",중구,37.5031784,126.8820367
494,494,스타벅스,환구단  ,"서울 중랑구 동일로 815, 1층",중구,37.496261,126.86959
495,495,스타벅스,무교동  ,"서울 중랑구 동일로 815, 1층",중구,37.486087,126.887272
496,496,스타벅스,문화일보  ,"서울 중랑구 동일로 815, 1층",중구,37.5047005,127.0275166
497,497,스타벅스,태평로  ,"서울 중랑구 동일로 815, 1층",중구,37.4876806,126.8243201
498,498,스타벅스,퍼시픽타워  ,"서울 중랑구 동일로 815, 1층",중구,37.509516,126.8820471
499,499,스타벅스,남산단암  ,"서울 중랑구 동일로 815, 1층",중구,Nan,Nan
500,500,스타벅스,황학캐슬  ,"서울 중랑구 동일로 815, 1층",중구,37.4926091,126.8437777
501,501,스타벅스,을지로삼화타워  ,"서울 중랑구 동일로 815, 1층",중구,Nan,Nan
502,502,스타벅스,소공로  ,"서울 중랑구 동일로 815, 1층",중구,Nan,Nan
503,503,스타벅스,을지로한국빌딩  ,"서울 중랑구 동일로 815, 1층",중구,37.2429616,127.0800525
504,504,스타벅스,시청  ,"서울 중랑구 동일로 815, 1층",중구,37.57286879999999,127.057406
505,505,스타벅스,명동역  ,"서울 중랑구 동일로 815, 1층",중구,37.5669827,127.0618884
506,506,스타벅스,명동입구  ,"서울 중랑구 동일로 815, 1층",중구,37.5819561,127.054846
507,507,스타벅스,충무로  ,"서울 중랑구 동일로 815, 1층",중구,37.5735046,127.0309651
508,508,스타벅스,이마트타워  ,"서울 중랑구 동일로 815, 1층",중구,37.5814261,127.0706893
509,509,스타벅스,무교로  ,"서울 중랑구 동일로 815, 1층",중구,37.5838657,127.0587771
510,510,스타벅스,청계크리스탈스퀘어  ,"서울 중랑구 동일로 815, 1층",중구,37.5760345,127.0228815
511,511,스타벅스,숭례문SG타워  ,"서울 중랑구 동일로 815, 1층",중구,Nan,Nan
512,512,스타벅스,세종대로  ,"서울 중랑구 동일로 815, 1층",중구,37.577701,127.0304641
513,513,스타벅스,동대문디자인플라자  ,"서울 중랑구 동일로 815, 1층",중구,37.5757257,127.034286
514,514,스타벅스,레스케이프호텔R  ,"서울 중랑구 동일로 815, 1층",중구,Nan,Nan
515,515,스타벅스,별다방  ,"서울 중랑구 동일로 815, 1층",중구,37.572295,127.0748317
516,516,스타벅스,포포인츠명동  ,"서울 중랑구 동일로 815, 1층",중구,37.570207,127.0700249
517,517,스타벅스,명동남산  ,"서울 중랑구 동일로 815, 1층",중구,34.2658138,108.9540936
518,518,스타벅스,명일역  ,"서울 중랑구 동일로 815, 1층",강동구,37.5661527,127.0680753
519,519,스타벅스,강동구청DT  ,"서울 중랑구 동일로 815, 1층",강동구,37.5644532,127.061517
520,520,스타벅스,강동암사DT  ,"서울 중랑구 동일로 815, 1층",강동구,36.6215481,127.5078891
521,521,스타벅스,굽은다리역  ,"서울 중랑구 동일로 815, 1층",강동구,Nan,Nan
522,522,스타벅스,강동역  ,"서울 중랑구 동일로 815, 1층",강동구,37.580676,127.0476654
523,523,스타벅스,둔촌동  ,"서울 중랑구 동일로 815, 1층",강동구,37.5727301,127.0662663
524,524,스타벅스,천호로데오  ,"서울 중랑구 동일로 815, 1층",강동구,37.58975600000001,127.057977
525,525,스타벅스,천호이마트  ,"서울 중랑구 동일로 815, 1층",강동구,37.5556203,127.0247986
526,526,스타벅스,길동역  ,"서울 중랑구 동일로 815, 1층",강동구,37.5696452,127.0552808
527,527,스타벅스,상일동  ,"서울 중랑구 동일로 815, 1층",강동구,37.547206,127.047405
528,528,스타벅스,천호역  ,"서울 중랑구 동일로 815, 1층",강동구,37.5669747,127.040228
529,529,스타벅스,명일이마트  ,"서울 중랑구 동일로 815, 1층",강동구,Nan,Nan
530,530,스타벅스,상일동역  ,"서울 중랑구 동일로 815, 1층",강동구,37.5645,127.028872
531,531,스타벅스,천호사거리  ,"서울 중랑구 동일로 815, 1층",강동구,37.5650083,127.0367972
532,532,스타벅스,강일역  ,"서울 중랑구 동일로 815, 1층",강동구,37.3370808,127.9639915
533,533,스타벅스,올림픽공원북2문  ,"서울 중랑구 동일로 815, 1층",강동구,37.5447256,127.0621362
534,534,스타벅스,천호대로길동  ,"서울 중랑구 동일로 815, 1층",강동구,Nan,Nan
535,535,스타벅스,신도림  ,"서울 중랑구 동일로 815, 1층",구로구,Nan,Nan
536,536,스타벅스,구로디지털타워  ,"서울 중랑구 동일로 815, 1층",구로구,37.5438285,127.013956
537,537,스타벅스,오류동역  ,"서울 중랑구 동일로 815, 1층",구로구,37.5619717,127.0383953
538,538,스타벅스,구로디지털로  ,"서울 중랑구 동일로 815, 1층",구로구,37.5663196,127.0236616
539,539,스타벅스,구로에이스  ,"서울 중랑구 동일로 815, 1층",구로구,Nan,Nan
540,540,스타벅스,구로하이엔드  ,"서울 중랑구 동일로 815, 1층",구로구,37.5515276,127.0330901
541,541,스타벅스,현대디큐브2F  ,"서울 중랑구 동일로 815, 1층",구로구,37.562563,127.0631102
542,542,스타벅스,구로호텔  ,"서울 중랑구 동일로 815, 1층",구로구,Nan,Nan
543,543,스타벅스,현대디큐브B2  ,"서울 중랑구 동일로 815, 1층",구로구,Nan,Nan
544,544,스타벅스,구로고척  ,"서울 중랑구 동일로 815, 1층",구로구,37.5174531,126.9665337
545,545,스타벅스,구로NC  ,"서울 중랑구 동일로 815, 1층",구로구,37.5520713,126.9724315
546,546,스타벅스,구로오류DT  ,"서울 중랑구 동일로 815, 1층",구로구,Nan,Nan
547,547,스타벅스,구로구청  ,"서울 중랑구 동일로 815, 1층",구로구,Nan,Nan
548,548,스타벅스,고척아이파크  ,"서울 중랑구 동일로 815, 1층",구로구,Nan,Nan
549,549,스타벅스,답십리역  ,"서울 중랑구 동일로 815, 1층",동대문구,Nan,Nan
550,550,스타벅스,경희대삼거리  ,"서울 중랑구 동일로 815, 1층",동대문구,37.5313805,126.9798839
551,551,스타벅스,외대정문  ,"서울 중랑구 동일로 815, 1층",동대문구,36.9615597,127.942901
552,552,스타벅스,신설동역  ,"서울 중랑구 동일로 815, 1층",동대문구,37.5313805,126.9798839
553,553,스타벅스,회기역사거리  ,"서울 중랑구 동일로 815, 1층",동대문구,37.53910279999999,126.9648104
554,554,스타벅스,외대  ,"서울 중랑구 동일로 815, 1층",동대문구,37.5498982,126.9806255
555,555,스타벅스,장한평역  ,"서울 중랑구 동일로 815, 1층",동대문구,37.5358858,126.9582998
556,556,스타벅스,경희대  ,"서울 중랑구 동일로 815, 1층",동대문구,37.59958719999999,127.106326
557,557,스타벅스,경동1960  ,"서울 중랑구 동일로 815, 1층",동대문구,37.589608,127.0941645
558,558,스타벅스,청량리역사  ,"서울 중랑구 동일로 815, 1층",동대문구,37.598983,127.0975
559,559,스타벅스,서울숲역  ,"서울 중랑구 동일로 815, 1층",성동구,37.59958719999999,127.106326
560,560,스타벅스,금호역  ,"서울 중랑구 동일로 815, 1층",성동구,37.598603,127.092882
561,561,스타벅스,뚝섬역  ,"서울 중랑구 동일로 815, 1층",성동구,Nan,Nan
562,562,스타벅스,황학사거리  ,"서울 중랑구 동일로 815, 1층",성동구,35.36956300000001,128.2570135
563,563,스타벅스,성수역  ,"서울 중랑구 동일로 815, 1층",성동구,37.587773,127.0797346
564,564,스타벅스,상왕십리역  ,"서울 중랑구 동일로 815, 1층",성동구,Nan,Nan
565,565,스타벅스,왕십리역  ,"서울 중랑구 동일로 815, 1층",성동구,Nan,Nan
566,566,스타벅스,한양대  ,"서울 중랑구 동일로 815, 1층",성동구,Nan,Nan
567,567,스타벅스,엔터식스  ,"서울 중랑구 동일로 815, 1층",성동구,Nan,Nan
568,568,스타벅스,신금호역  ,"서울 중랑구 동일로 815, 1층",성동구,37.5977702,127.0898521
569,569,스타벅스,왕십리역9번출구  ,"서울 중랑구 동일로 815, 1층",성동구,Nan,Nan
570,570,스타벅스,성수  ,"서울 중랑구 동일로 815, 1층",성동구,Nan,Nan
571,571,스타벅스,옥수  ,"서울 중랑구 동일로 815, 1층",성동구,37.5972353,127.0859765
572,572,스타벅스,성수낙낙  ,"서울 중랑구 동일로 815, 1층",성동구,37.612781,127.0981787
573,573,스타벅스,효창공원앞역  ,"서울 중랑구 동일로 815, 1층",용산구,37.60333790000001,127.0944849
574,574,스타벅스,서울역서부  ,"서울 중랑구 동일로 815, 1층",용산구,Nan,Nan
575,575,스타벅스,이태원역  ,"서울 중랑구 동일로 815, 1층",용산구,37.6126006,127.1008186
576,576,스타벅스,한강진역R  ,"서울 중랑구 동일로 815, 1층",용산구,Nan,Nan
577,577,스타벅스,용산역써밋R  ,"서울 중랑구 동일로 815, 1층",용산구,Nan,Nan
578,578,스타벅스,이촌  ,"서울 중랑구 동일로 815, 1층",용산구,37.5913937,127.0798713
579,579,스타벅스,신용산역  ,"서울 중랑구 동일로 815, 1층",용산구,37.612732,127.0797858
580,580,스타벅스,용산파크타워  ,"서울 중랑구 동일로 815, 1층",용산구,37.5978139,127.0928927
581,581,스타벅스,남영동  ,"서울 중랑구 동일로 815, 1층",용산구,37.6005095,127.0781428
582,582,스타벅스,한남동R  ,"서울 중랑구 동일로 815, 1층",용산구,Nan,Nan
583,583,스타벅스,서울타워  ,"서울 중랑구 동일로 815, 1층",용산구,37.5511694,126.9882266
584,584,스타벅스,서울역동자동  ,"서울 중랑구 동일로 815, 1층",용산구,37.554599,126.971647
585,585,스타벅스,순천향입구  ,"서울 중랑구 동일로 815, 1층",용산구,36.7696489,126.9324079
586,586,스타벅스,숙대  ,"서울 중랑구 동일로 815, 1층",용산구,37.54647500000001,126.9646916
587,587,스타벅스,동빙고  ,"서울 중랑구 동일로 815, 1층",용산구,37.5179831,126.9818885
588,588,스타벅스,숙대입구역  ,"서울 중랑구 동일로 815, 1층",용산구,37.545097,126.971987
589,589,스타벅스,용산아이파크몰  ,"서울 중랑구 동일로 815, 1층",용산구,37.5297133,126.9647528
590,590,스타벅스,동부이촌동  ,"서울 중랑구 동일로 815, 1층",용산구,37.5174531,126.9665337
591,591,스타벅스,숙명여대정문  ,"서울 중랑구 동일로 815, 1층",용산구,37.54647500000001,126.9646916
592,592,스타벅스,용산해링턴스퀘어  ,"서울 중랑구 동일로 815, 1층",용산구,37.5426383,126.9518887
593,593,스타벅스,경리단길  ,"서울 중랑구 동일로 815, 1층",용산구,37.538432,126.9875466
594,594,스타벅스,서울역사  ,"서울 중랑구 동일로 815, 1층",용산구,37.5518911,126.9917937
595,595,스타벅스,용산리첸시아  ,"서울 중랑구 동일로 815, 1층",용산구,37.5342512,127.0079105
596,596,스타벅스,포포인츠서울역  ,"서울 중랑구 동일로 815, 1층",용산구,37.5509795,126.9727511
597,597,스타벅스,용산전자랜드  ,"서울 중랑구 동일로 815, 1층",용산구,37.5328642,126.9596117
598,598,스타벅스,상봉  ,"서울 중랑구 동일로 815, 1층",중랑구,37.5972353,127.0859765
599,599,스타벅스,중랑역  ,"서울 중랑구 동일로 815, 1층",중랑구,37.594904,127.075833
600,600,스타벅스,중랑구청  ,"서울 중랑구 동일로 815, 1층",중랑구,37.60630460000001,127.0931523
601,601,스타벅스,사가정역  ,"서울 중랑구 동일로 815, 1층",중랑구,37.580966,127.088503
602,602,스타벅스,상봉역  ,"서울 중랑구 동일로 815, 1층",중랑구,37.5972353,127.0859765
603,603,스타벅스,묵동  ,"서울 중랑구 동일로 815, 1층",중랑구,37.612732,127.0797858
604,604,스타벅스,양원역  ,"서울 중랑구 동일로 815, 1층",중랑구,36.9630939,129.0910966
605,605,스타벅스,중화역  ,"서울 중랑구 동일로 815, 1층",중랑구,37.6005095,127.0781428
606,606,이디야,강남YMCA점,서울 강남구 논현동,강남구,37.4966645,127.0629804
607,607,이디야,강남구청역아이티웨딩점,"서울 강남구 학동로 338 (논현동, 강남파라곤)",강남구,37.5164665,127.0404191
608,608,이디야,강남논현학동점,서울 강남구 논현로131길 28 (논현동),강남구,37.514236,127.031593
609,609,이디야,강남대치점,"서울 강남구 역삼로 415 (대치동, 성진빌딩)",강남구,37.4991887,127.0633458
610,610,이디야,강남도산점,서울 강남구 도산대로37길 20 (신사동),강남구,37.522336,127.031173
611,611,이디야,강남율현점,"서울 강남구 밤고개로21길 8 (율현동, 세곡프라자)",강남구,37.4966645,127.0629804
612,612,이디야,강남자곡점,"서울 강남구 자곡로 180 (자곡동, 강남유탑유블레스)",강남구,37.4762779,127.1003704
613,613,이디야,개포동역점,"서울 강남구 개포로82길 11 (개포동, 삼우빌딩)",강남구,37.4893117,127.0688124
614,614,이디야,건설회관점,서울 강남구 언주로 711 (논현동),강남구,37.5173236,127.034148
615,615,이디야,대청역점,"서울 강남구 개포로109길 34 (개포동, 대청프라자)",강남구,Nan,Nan
616,616,이디야,도곡2동점,"서울 강남구 논현로 142 (도곡동, 동현빌딩)",강남구,37.4823936,127.0430248
617,617,이디야,도산사거리점,서울 강남구 논현동 ,강남구,37.522011,127.034575
618,618,이디야,삼성대치점,"서울 강남구 삼성로64길 32 (대치동, 주성빌딩)",강남구,37.50698939999999,127.061869
619,619,이디야,삼성동점,서울 강남구 테헤란로88길 10 (대치동),강남구,37.516955,127.0417748
620,620,이디야,삼성중앙역점,"서울 강남구 삼성로 608 (삼성동, 우창빌딩)",강남구,37.5128889,127.0526509
621,621,이디야,삼성한전점,서울 강남구 테헤란로107길 11 (삼성동),강남구,Nan,Nan
622,622,이디야,선릉사거리점,"서울 강남구 선릉로 519 (역삼동, 삼능빌딩)",강남구,37.504487,127.048957
623,623,이디야,선릉역점,"서울 강남구 테헤란로 332 (역삼동, HJ타워)",강남구,Nan,Nan
624,624,이디야,수서역점,"서울 강남구 광평로 280 (수서동, 로즈데일오피스텔)",강남구,37.4874685,127.1013245
625,625,이디야,신사역점,서울 강남구 압구정로2길 62 (신사동),강남구,Nan,Nan
626,626,이디야,신사점,서울 강남구 도산대로 118 (논현동),강남구,Nan,Nan
627,627,이디야,압구정로데오역점,서울 강남구 선릉로161길 20 (신사동),강남구,37.5271478,127.0334517
628,628,이디야,역삼더블루점,"서울 강남구 논현로63길 16 (역삼동, 역삼종합시장 더블루)",강남구,37.4928313,127.0391191
629,629,이디야,역삼상록점,"서울 강남구 테헤란로43길 18 (역삼동, SC빌딩)",강남구,37.5047772,127.0434189
630,630,이디야,역삼역점,서울 강남구 테헤란로25길 17 (역삼동),강남구,Nan,Nan
631,631,이디야,역삼월드점,"서울 강남구 역삼로52길 14 (역삼동, 도곡프라자)",강남구,37.4985129,127.0479773
632,632,이디야,역삼점,서울 강남구 논현로72길 13 (역삼동),강남구,37.5000776,127.0385419
633,633,이디야,역삼중앙점,서울 강남구 언주로81길 8 (역삼동),강남구,37.50024459999999,127.0428592
634,634,이디야,역삼충현점,서울 강남구 논현로98길 7 (역삼동),강남구,37.5056544,127.035549
635,635,이디야,역삼플래티넘점,"서울 강남구 테헤란로4길 46 (역삼동, 쌍용플래티넘밸류)",강남구,37.4951242,127.0311487
636,636,이디야,을지병원사거리점,서울 강남구 도산대로30길 7 (논현동),강남구,37.5187933,127.0287749
637,637,이디야,이디야커피랩,"서울 강남구 논현로 636 (논현동, 이디야빌딩)",강남구,37.5104556,127.0328766
638,638,이디야,일원동점,서울 강남구 양재대로27길 20 (일원동),강남구,37.4880579,127.0828672
639,639,이디야,청담사거리점,서울 강남구 도산대로 521 (청담동),강남구,37.5241801,127.0473251
640,640,이디야,청담역점,"서울 강남구 삼성로 721 (청담동, 룩희 819)",강남구,Nan,Nan
641,641,이디야,포이사거리점,서울 강남구 개포로 218 (개포동),강남구,Nan,Nan
642,642,이디야,학동역점,"서울 강남구 학동로 219 (논현동, 국제빌딩)",강남구,37.5136787,127.0317124
643,643,이디야,학동제마점,서울 강남구 학동로34길 22 (논현동),강남구,37.51308,127.0336405
644,644,이디야,가오리역점,서울 강북구 삼각산로 108 (수유동),강북구,37.6405924,127.0161551
645,645,이디야,광산사거리점,"서울 강북구 노해로 91 (수유동, 진흥빌딩)",강북구,Nan,Nan
646,646,이디야,미아꿈의숲해링턴점,"서울 강북구 오현로 45 (미아동, 꿈의숲 해링턴 플레이스)",강북구,37.6214313,127.0406246
647,647,이디야,미아삼거리점,"서울 강북구 도봉로 45 (미아동, 숭인시장)",강북구,Nan,Nan
648,648,이디야,미아역점,서울 강북구 도봉로 207 -3(미아동),강북구,Nan,Nan
649,649,이디야,미아중앙점,서울 강북구 도봉로 128 (미아동),강북구,37.6218623,127.0281853
650,650,이디야,번동점,"서울 강북구 오현로 194 (번동, 덕수빌딩)",강북구,37.629038,127.0367452
651,651,이디야,북한산점,서울 강북구 4.19로 85 (수유동),강북구,37.660833,126.993333
652,652,이디야,삼각산점,서울 강북구 솔샘로40길 3 (미아동),강북구,37.616351,127.019038
653,653,이디야,수유사거리점,"서울 강북구 덕릉로 82 (수유동, 제네스타워)",강북구,Nan,Nan
654,654,이디야,수유역점,서울 강북구 도봉로 355 (수유동),강북구,Nan,Nan
655,655,이디야,우이역도선사점,서울 강북구 삼양로173길 21 (우이동),강북구,37.6626046,127.0113765
656,656,이디야,가양역점,서울 강서구 양천로 500 (등촌동),강서구,Nan,Nan
657,657,이디야,강서nc점,서울 강서구 강서로54길 11 (등촌동),강서구,37.5592805,126.8393255
658,658,이디야,강서교차로점,"서울 강서구 공항대로 437 (등촌동, 주신기업(주))",강서구,37.5548971,126.8558599
659,659,이디야,강서구청점,"서울 강서구 화곡로 292 (화곡동, 서광프리메라)",강서구,37.5612346,126.8228132
660,660,이디야,강서한강자이점,서울 강서구 양천로 401 (가양동),강서구,37.5650437,126.8488292
661,661,이디야,개화산점,"서울 강서구 양천로 28 (방화동, 벽산에어트리움)",강서구,Nan,Nan
662,662,이디야,공항시장역점,"서울 강서구 방화동로 37 (방화동, 메디스타워)",강서구,Nan,Nan
663,663,이디야,김해국제공항국제선점,부산 강서구 공항진입로 108 (대저2동),강서구,35.1728688,128.9471783
664,664,이디야,까치산로점,서울 강서구 까치산로 182 (화곡동),강서구,37.5475815,126.8487431
665,665,이디야,까치산역점,서울 강서구 강서로17길 6 (화곡동),강서구,37.5317675,126.8467055
666,666,이디야,내발산점,"서울 강서구 강서로 304 (내발산동, 영종빌딩)",강서구,37.5524944,126.8333061
667,667,이디야,등촌역점,서울 강서구 등촌로 217 (등촌동),강서구,37.5605161,126.8558914
668,668,이디야,등촌중앙점,"서울 강서구 등촌로 67 (등촌동, 컴스웨이빌딩)",강서구,37.5360455,126.8631085
669,669,이디야,렘넌트문화센터점,"서울 강서구 화곡로63길 65 (등촌동, 예원교회)",강서구,Nan,Nan
670,670,이디야,마곡나루역점,"서울 강서구 마곡중앙5로 6 (마곡동, 마곡나루역보타닉푸르지오시티)",강서구,37.5669356,126.8265611
671,671,이디야,마곡수명산점,"서울 강서구 수명로 68-27 (내발산동, 웨스트엔드문화센터)",강서구,Nan,Nan
672,672,이디야,마곡퀸즈파크9점,"서울 강서구 공항대로 247 (마곡동, 퀸즈파크나인)",강서구,37.5706297,126.8298909
673,673,이디야,마곡파인스퀘어점,"서울 강서구 마곡중앙4로 22 (마곡동, 파인스퀘어)",강서구,37.5584156,126.8294265
674,674,이디야,마곡헤리움점,"서울 강서구 마곡중앙5로1길 25 (마곡동, 마곡헤리움2차)",강서구,37.56925,126.826148
675,675,이디야,방화동로점,서울 강서구 방화동로 95 (방화동),강서구,37.5759058,126.8135931
676,676,이디야,방화사거리점,"서울 강서구 양천로 72 (방화동, 해성빌딩)",강서구,Nan,Nan
677,677,이디야,부산공항덕두점,부산 강서구 공항로811번길 38 (대저2동),강서구,35.1805342,128.9545074
678,678,이디야,부산명지너울공원점,부산 강서구 명지국제6로232번길 20 (명지동),강서구,35.0947412,128.9245066
679,679,이디야,부산명지롯데시네마점,부산 강서구 명지국제6로 107 (명지동),강서구,35.1917433,129.1311163
680,680,이디야,부산명지점,부산 강서구 명지오션시티8로16번길 25 (명지동),강서구,35.2100142,129.0688702
681,681,이디야,부산명지초교점,부산 강서구 명지국제6로 306 (명지동),강서구,35.1028346,128.9239165
682,682,이디야,부산신호동점,부산 강서구 신호산단5로 42 (신호동),강서구,35.2100142,129.0688702
683,683,이디야,부산지사명진파크뷰점,"부산 강서구 과학산단2로20번길 11 (지사동, 명진파크뷰)",강서구,35.2100142,129.0688702
684,684,이디야,서부산유통지구역점,부산 강서구 유통단지1로 53 (대저2동),강서구,35.1664011,128.9548418
685,685,이디야,서울공진초교점,"서울 강서구 마곡중앙1로 26 (마곡동, 마곡엠리체)",강서구,37.5584004,126.8238702
686,686,이디야,송정역점,서울 강서구 공항대로 24 (공항동),강서구,Nan,Nan
687,687,이디야,신방화중앙점,"서울 강서구 방화대로34길 92 (방화동, 불해빌딩)",강서구,37.567513,126.817353
688,688,이디야,염창동점,서울 강서구 양천로 689 (염창동),강서구,37.5472175,126.8744885
689,689,이디야,염창블루나인점,서울 강서구 양천로 583 (염창동),강서구,37.5572518,126.864441
690,690,이디야,우장산동점,서울 강서구 우현로 15 (화곡동),강서구,Nan,Nan
691,691,이디야,화곡남부시장점,서울 강서구 등촌로5길 80 (화곡동),강서구,37.5334296,126.8591764
692,692,이디야,화곡로점,서울 강서구 화곡로 133 (화곡동),강서구,37.5406979,126.8472722
693,693,이디야,화곡본동시장점,서울 강서구 까치산로4길 11 (화곡동),강서구,37.5422013,126.8441729
694,694,이디야,화곡사거리점,서울 강서구 곰달래로 135 (화곡동),강서구,37.5316969,126.8634675
695,695,이디야,관악구청점,"서울 관악구 관악로 164 (봉천동, 대우디오슈페리움1단지)",관악구,37.4673709,126.9453359
696,696,이디야,관악우성점,서울 관악구 관악로 232 (봉천동),관악구,37.4673709,126.9453359
697,697,이디야,관악하나로마트점,"서울 관악구 남부순환로 1369 (신림동, 관악농협농산물백화점)",관악구,37.4798379,126.9028794
698,698,이디야,낙성대역점,서울 관악구 남부순환로 1915 (봉천동),관악구,Nan,Nan
699,699,이디야,난곡사거리점,서울 관악구 남부순환로 1444 (신림동),관악구,Nan,Nan
700,700,이디야,남현홈플러스점,"서울 관악구 과천대로 909 (남현동, 남현프라자)",관악구,37.4713968,126.9826511
701,701,이디야,녹두거리점,서울 관악구 신림로 91 (신림동),관악구,Nan,Nan
702,702,이디야,보라매중앙점,"서울 관악구 보라매로 62 (봉천동, 보라매삼성아파트)",관악구,37.4946139,126.9275795
703,703,이디야,봉일시장점,서울 관악구 은천로 23 (봉천동),관악구,37.4860487,126.9392578
704,704,이디야,봉천역점,서울 관악구 남부순환로 1725 (봉천동),관악구,37.4820349,126.9417875
705,705,이디야,봉천중앙점,서울 관악구 남부순환로 1874 (봉천동),관악구,37.4779671,126.9534883
706,706,이디야,사당중앙점,서울 관악구 과천대로 951 (남현동),관악구,Nan,Nan
707,707,이디야,서울대중앙점,서울 관악구 남부순환로216길 2 (봉천동),관악구,37.4813377,126.9489838
708,708,이디야,신대방역점,서울 관악구 난곡로 368 (신림동),관악구,Nan,Nan
709,709,이디야,신림난곡점,서울 관악구 난곡로 197 (신림동),관악구,37.4736839,126.9130063
710,710,이디야,신림남부초교점,서울 관악구 남부순환로 1541-1 (신림동),관악구,37.48340719999999,126.9218888
711,711,이디야,신림대학동점,서울 관악구 호암로26길 17 (신림동),관악구,37.47070679999999,126.9345817
712,712,이디야,신림미성점,서울 관악구 난곡로 250 (신림동),관악구,37.4631968,126.9358124
713,713,이디야,신림신원점,서울 관악구 신원로 16 (신림동),관악구,37.4631968,126.9358124
714,714,이디야,신림신화교점,서울 관악구 신림로 199 (신림동),관악구,37.4754552,126.9361887
715,715,이디야,신림역점,서울 관악구 신림로 312 (신림동),관악구,37.4631968,126.9358124
716,716,이디야,신림중앙점,서울 관악구 관천로 52 (신림동),관악구,37.4837938,126.9280165
717,717,이디야,신림패션문화점,서울 관악구 봉천로6길 24 (신림동),관악구,37.4871359,126.9270388
718,718,이디야,인헌점,서울 관악구 인헌길 17 (봉천동),관악구,37.4725495,126.9662287
719,719,이디야,건대로데오점,서울 광진구 아차산로30길 8 (자양동),광진구,Nan,Nan
720,720,이디야,건대스타시티2호점,"서울 광진구 능동로 92 (자양동, 스타시티몰) 지하 2층 201호",광진구,37.5390185,127.0712074
721,721,이디야,건대스타시티점,"서울 광진구 아차산로 272 (자양동, 더샵스타시티)",광진구,37.5390185,127.0712074
722,722,이디야,건대역점,"서울 광진구 아차산로 229 (화양동, 한림타워)",광진구,Nan,Nan
723,723,이디야,건대후문점,"서울 광진구 광나루로 416 (화양동, 건회빌딩)",광진구,37.5407625,127.0793428
724,724,이디야,광나루점,서울 광진구 아차산로 624 (광장동),광진구,Nan,Nan
725,725,이디야,광진구청점,서울 광진구 자양로 136 (구의동),광진구,37.5373736,127.0830434
726,726,이디야,구의사거리점,서울 광진구 광나루로 508 (구의동),광진구,Nan,Nan
727,727,이디야,구의역점,서울 광진구 구의로 4 (구의동),광진구,Nan,Nan
728,728,이디야,구의자양로점,서울 광진구 자양로 251 (구의동),광진구,37.537153,127.086152
729,729,이디야,군자역점,"서울 광진구 능동로 290 (능동, 삼일빌딩)",광진구,37.5573355,127.079589
730,730,이디야,동서울터미널점,서울 광진구 구의동 ,광진구,Nan,Nan
731,731,이디야,뚝섬유원지역점,서울 광진구 능동로 21 (자양동),광진구,37.531544,127.066708
732,732,이디야,세종대정문점,서울 광진구 능동로 261 (군자동),광진구,Nan,Nan
733,733,이디야,세종대후문점,서울 광진구 군자로 109 (군자동),광진구,37.5525966,127.0720208
734,734,이디야,아차산역점,서울 광진구 천호대로 663 (구의동),광진구,Nan,Nan
735,735,이디야,자양동점,서울 광진구 자양로 46 (자양동),광진구,37.531692,127.074516
736,736,이디야,자양우성점,"서울 광진구 자양번영로 34 (자양동, 제이원하이텔)",광진구,Nan,Nan
737,737,이디야,중곡대원점,서울 광진구 용마산로 111 (중곡동),광진구,37.56354400000001,127.0888304
738,738,이디야,중곡신성점,"서울 광진구 용마산로 37 (중곡동, 이안빌딩)",광진구,37.5587877,127.0880424
739,739,이디야,가산두산위브점,서울 금천구 가산로 111 (가산동),금천구,37.4760163,126.8917131
740,740,이디야,가산리더스타워점,서울 금천구 벚꽃로 286 (가산동),금천구,Nan,Nan
741,741,이디야,가산벽산점,서울 금천구 벚꽃로 244 (가산동),금천구,Nan,Nan
742,742,이디야,가산에이스점,서울 금천구 가산디지털1로 196 (가산동),금천구,Nan,Nan
743,743,이디야,가산오거리점,"서울 금천구 가산로 155 (가산동, 케이디에스빌딩)",금천구,37.4788157,126.8900708
744,744,이디야,가산월드점,서울 금천구 가산디지털2로 123 (가산동),금천구,37.4883592,126.8888814
745,745,이디야,가산하이엔드10차점,"서울 금천구 가산디지털1로 30 (가산동, 에이스하이엔드타워10)",금천구,37.4686637,126.887312
746,746,이디야,금천롯데마트점,"서울 금천구 시흥대로 291 (독산동, 금천롯데캐슬골드파크3차)",금천구,37.4599717,126.8972361
747,747,이디야,독산동쌈지공원점,서울 금천구 독산로 276 (독산동),금천구,37.4708713,126.9039792
748,748,이디야,독산동점,"서울 금천구 독산로 218 (독산동, 창영빌딩)",금천구,37.4674733,126.8982935
749,749,이디야,독산롯데시네마점,서울 금천구 시흥대로 399 (독산동),금천구,37.4693385,126.8971388
750,750,이디야,박미삼거리점,서울 금천구 시흥대로 150 (시흥동),금천구,37.4484646,126.9030913
751,751,이디야,석수푸르지오점,"서울 금천구 삼성산길 11 (시흥동, 위너스타워)",금천구,37.4340449,126.9048803
752,752,이디야,세광교회점,서울 금천구 독산로 124 (시흥동),금천구,37.6145748,126.9129713
753,753,이디야,시흥동점,서울 금천구 시흥동,금천구,37.4142762,127.0932251
754,754,이디야,시흥사거리점,서울 금천구 시흥대로63길 8 (시흥동),금천구,37.3876636,126.7424142
755,755,이디야,시흥유통센터점,"서울 금천구 시흥대로 88 (시흥동, 오복빌딩)",금천구,37.4418469,126.9038942
756,756,이디야,시흥중앙점,서울 금천구 금하로 748 (시흥동),금천구,37.3864796,126.7841675
757,757,이디야,공릉역점,서울 노원구 동일로192길 5 (공릉동),노원구,37.6243797,127.0719821
758,758,이디야,광운대점,서울 노원구 광운로 29 (월계동),노원구,37.6194277,127.05982
759,759,이디야,노원사거리점,서울 노원구 동일로 1393 (상계동),노원구,37.6525076,127.075042
760,760,이디야,노원중앙점,서울 노원구 노원로 452 (상계동),노원구,37.6610279,127.0650403
761,761,이디야,당고개역점,서울 노원구 상계로 313 (상계동),노원구,37.670193,127.0797411
762,762,이디야,상계동점,서울 노원구 한글비석로52길 8 (상계동),노원구,37.67299089999999,127.0703498
763,763,이디야,상계역사거리점,서울 노원구 한글비석로 409 (상계동) 1~2층,노원구,37.660566,127.073202
764,764,이디야,상계역점,서울 노원구 덕릉로 698 (중계동),노원구,Nan,Nan
765,765,이디야,상계중앙점,서울 노원구 동일로 1650 (상계동),노원구,Nan,Nan
766,766,이디야,서울여대점,서울 노원구 노원로 3 (공릉동),노원구,37.6281126,127.0904568
767,767,이디야,세이브존노원점,"서울 노원구 한글비석로 57 (하계동, 세이브존)",노원구,37.6366808,127.0684246
768,768,이디야,세이브존노원점,"서울 노원구 한글비석로 57 (하계동, 세이브존)",노원구,37.6366808,127.0684246
769,769,이디야,수락산역점,"서울 노원구 동일로 1689 (상계동, 하이베라스)",노원구,Nan,Nan
770,770,이디야,원자력병원점,서울 노원구 공릉로46길 6 (공릉동),노원구,37.628784,127.0826588
771,771,이디야,월계이마트점,"서울 노원구 마들로3길 15 (월계동, 월계이마트)",노원구,37.62644,127.0619091
772,772,이디야,월계인덕점,서울 노원구 광운로22길 39 (월계동),노원구,37.633114,127.058835
773,773,이디야,월계초교점,서울 노원구 월계동 ,노원구,Nan,Nan
774,774,이디야,중계롯데우성점,서울 노원구 노원로22길 70 (중계동),노원구,37.6467767,127.0727636
775,775,이디야,중계본동점,서울 노원구 중계로14바길 2 (중계동),노원구,37.6510125,127.0799977
776,776,이디야,중계브라운스톤점,"서울 노원구 동일로203가길 29 (중계동, 브라운스톤중계)",노원구,Nan,Nan
777,777,이디야,중계점,서울 노원구 동일로204가길 34 (중계동),노원구,Nan,Nan
778,778,이디야,중계중앙점,서울 노원구 덕릉로73길 18 (중계동),노원구,Nan,Nan
779,779,이디야,덕성여대점,서울 도봉구 삼양로 542 (쌍문동),도봉구,37.6511988,127.0161604
780,780,이디야,도봉보건소사거리점,서울 도봉구 해등로 157 (쌍문동),도봉구,37.6568512,127.0399081
781,781,이디야,도봉산점,서울 도봉구 도봉산길 18 (도봉동),도봉구,Nan,Nan
782,782,이디야,도봉역점,서울 도봉구 도봉로 823 (도봉동),도봉구,37.6743592,127.0477686
783,783,이디야,도봉중앙점,서울 도봉구 도봉로181길 18 (도봉동),도봉구,37.6842049,127.0448504
784,784,이디야,방학사거리점,서울 도봉구 도봉로 677 (방학동),도봉구,Nan,Nan
785,785,이디야,방학역점,서울 도봉구 도봉로153길 15 (방학동),도봉구,Nan,Nan
786,786,이디야,방학점,서울 도봉구 방학로 171 (방학동),도봉구,Nan,Nan
787,787,이디야,방학중앙점,서울 도봉구 도당로13길 22 (방학동),도봉구,37.6657273,127.0352862
788,788,이디야,선덕고사거리점,"서울 도봉구 해등로 255 (쌍문동, 에벤에셀아파트)",도봉구,37.6544953,127.026558
789,789,이디야,솔밭공원역점,"서울 도봉구 삼양로 594 (쌍문동, 주함해븐빌)",도봉구,37.656048,127.013278
790,790,이디야,신창점,서울 도봉구 덕릉로 235 (창동),도봉구,Nan,Nan
791,791,이디야,쌍문동점,서울 도봉구 노해로 162 (쌍문동),도봉구,37.6533557,127.0271003
792,792,이디야,쌍문역점,서울 도봉구 도봉로117길 4 (쌍문동),도봉구,37.6533557,127.0271003
793,793,이디야,쌍문중앙점,서울 도봉구 도봉로 519 (쌍문동),도봉구,37.6533557,127.0271003
794,794,이디야,창동대우점,서울 도봉구 덕릉로63가길 30 (창동),도봉구,37.6436098,127.039128
795,795,이디야,창동블루핀점,서울 도봉구 마들로 550 (창동),도봉구,37.6605123,127.049623
796,796,이디야,창동역점,서울 도봉구 마들로11길 65 (창동),도봉구,Nan,Nan
797,797,이디야,창동제일점,서울 도봉구 노해로70길 81 (창동),도봉구,37.6487061,127.0525283
798,798,이디야,창동하나로마트점,"서울 도봉구 마들로11길 20 (창동, 농협창동유통센타)",도봉구,37.6498313,127.0412393
799,799,이디야,창동학원가점,서울 도봉구 해등로16길 61 (창동),도봉구,37.65509040000001,127.0433286
800,800,이디야,남성역점,서울 동작구 사당로17가길 13 (사당동),동작구,Nan,Nan
801,801,이디야,노들점,서울 동작구 노량진로 200 (노량진동),동작구,37.51495730000001,126.9506959
802,802,이디야,노량진CTS점,서울 동작구 노량진로 110 (노량진동),동작구,37.5131659,126.9379137
803,803,이디야,노량진드림스퀘어점,"서울 동작구 노들로2길 7 (노량진동, 노량진 드림스퀘어 복합빌딩)",동작구,Nan,Nan
804,804,이디야,노량진역사점,"서울 동작구 노량진로 지하 130 (노량진동, 9호선 노량진역)",동작구,37.51408199999999,126.941687
805,805,이디야,대림성모점,서울 동작구 시흥대로 658 (신대방동),동작구,37.4909872,126.9075896
806,806,이디야,대방역점,"서울 동작구 노량진로 24 (대방동, 한신빌딩)",동작구,Nan,Nan
807,807,이디야,보라매공원점,서울 동작구 여의대방로 90 (신대방동),동작구,37.4932342,126.9197115
808,808,이디야,보라매점,"서울 동작구 보라매로5가길 16 (신대방동, 보라매아카데미타워)",동작구,37.499929,126.920282
809,809,이디야,사당역점,서울 동작구 동작대로7길 100 (사당동),동작구,37.476559,126.981633
810,810,이디야,사당점,서울 동작구 동작대로 45 (사당동),동작구,37.476559,126.981633
811,811,이디야,상도역점,서울 동작구 상도로 277 (상도1동),동작구,Nan,Nan
812,812,이디야,상도중앙점,서울 동작구 만양로 17 (상도동),동작구,37.4987343,126.9440592
813,813,이디야,신대방삼거리점,서울 동작구 상도로 78 (대방동),동작구,37.499717,126.928189
814,814,이디야,신상도초교점,서울 동작구 양녕로 183 (상도동),동작구,37.50007,126.93717
815,815,이디야,중앙대점,서울 동작구 흑석로 79 (흑석동),동작구,Nan,Nan
816,816,이디야,중앙대후문점,서울 동작구 흑석로 20 (상도동),동작구,Nan,Nan
817,817,이디야,총신대입구역점,서울 동작구 동작대로 119-1 (사당동),동작구,37.4878646,126.9826094
818,818,이디야,총신대점,"서울 동작구 사당로16가길 96 (사당동) 1,2층",동작구,37.4886232,126.9668169
819,819,이디야,해군회관점,서울 동작구 여의대방로 194 (대방동),동작구,37.5044565,126.9158805
820,820,이디야,공덕롯데캐슬점,"서울 마포구 마포대로 109 (공덕동, 롯데캐슬프레지던트)",마포구,Nan,Nan
821,821,이디야,공덕점,서울 마포구 마포대로8길 15 (공덕동),마포구,37.54322,126.951576
822,822,이디야,광흥창역점,"서울 마포구 창전로 45 (창전동, 서강한화오벨리스크)",마포구,Nan,Nan
823,823,이디야,마포공덕역점,서울 마포구 새창로 6 (도화동),마포구,37.5420448,126.9504383
824,824,이디야,마포구청점,서울 마포구 월드컵로 196 (성산동),마포구,37.5593115,126.9082589
825,825,이디야,마포성산시영점,서울 마포구 월드컵북로 210 (성산동),마포구,37.5593115,126.9082589
826,826,이디야,마포점,서울 마포구 도화길 10 (도화동),마포구,37.5423517,126.9533344
827,827,이디야,망리단길점,"서울 마포구 포은로 81-1 (망원동, S-빌딩)",마포구,37.5543031,126.9052551
828,828,이디야,망원역점,서울 마포구 월드컵로 82-1 (서교동),마포구,Nan,Nan
829,829,이디야,망원중앙점,서울 마포구 월드컵로 147 (망원동),마포구,37.56075999999999,126.905464
830,830,이디야,상수역점,서울 마포구 와우산로 41-1 (상수동),마포구,37.5533238,126.9327245
831,831,이디야,상암DMC점,서울 마포구 월드컵북로 396 (상암동),마포구,37.5739081,126.8834188
832,832,이디야,상암KBS점,서울 마포구 월드컵북로 375 (상암동),마포구,37.5707485,126.8798744
833,833,이디야,상암한샘점,서울 마포구 성암로13길 58 (상암동),마포구,37.5761262,126.8986854
834,834,이디야,상암홈플러스점,서울 마포구 월드컵로 240 (성산동),마포구,37.5677584,126.8981147
835,835,이디야,성산점,서울 마포구 월드컵북로 137 (성산동),마포구,Nan,Nan
836,836,이디야,성산중앙점,서울 마포구 성미산로 78 (성산동),마포구,37.5602399,126.916669
837,837,이디야,신촌그랑자이점,"서울 마포구 대흥로 183 (대흥동, 신촌그랑자이 상가)",마포구,37.5550101,126.9454102
838,838,이디야,신촌로터리점,서울 마포구 서강로 135 (노고산동),마포구,37.5551188,126.936835
839,839,이디야,신촌숲아이파크점,"서울 마포구 광성로 17 (신수동, 신촌숲아이파크)",마포구,Nan,Nan
840,840,이디야,신촌하나로마트점,"서울 마포구 신촌로 66 (노고산동, 농협중앙회)",마포구,37.5650797,126.9399549
841,841,이디야,애오개역점,서울 마포구 마포대로 208 (아현동),마포구,37.55359,126.956739
842,842,이디야,오벨리스크점,"서울 마포구 마포대로 33 (도화동, 마포 한화 오벨리스크)",마포구,Nan,Nan
843,843,이디야,한강공원로점 ,서울 마포구 망원로 21 (망원동),마포구,37.5563164,126.8993901
844,844,이디야,합정LIG점,서울 마포구 양화로1길 21 (합정동),마포구,37.5494407,126.9103713
845,845,이디야,합정동점,서울 마포구 양화로6길 90 (합정동),마포구,37.5483014,126.9111751
846,846,이디야,합정역사거리점,서울 마포구 독막로2길 5 (합정동),마포구,37.54862,126.9137363
847,847,이디야,합정역점,서울 마포구 양화로11길 54 (서교동),마포구,37.5495753,126.9139908
848,848,이디야,합정홈플러스점,"서울 마포구 양화로 45 (서교동, 메세나폴리스)",마포구,37.550458,126.9133567
849,849,이디야,홍대중앙점,서울 마포구 양화로 124 (서교동),마포구,Nan,Nan
850,850,이디야,가재울점,"서울 서대문구 수색로 100 (북가좌동, DMC래미안e편한세상)",서대문구,Nan,Nan
851,851,이디야,가재울중앙점,"서울 서대문구 가재울미래로 2 (남가좌동, DMC파크뷰자이)",서대문구,37.572893,126.912428
852,852,이디야,명지대점,서울 서대문구 거북골로 35 (남가좌동),서대문구,37.5802219,126.9226047
853,853,이디야,명지전문대점,서울 서대문구 가좌로 140 (홍은동),서대문구,Nan,Nan
854,854,이디야,무악재역점,서울 서대문구 홍제동 ,서대문구,Nan,Nan
855,855,이디야,북가좌동점,서울 서대문구 증가로 257 (북가좌동),서대문구,37.5787976,126.9111852
856,856,이디야,서대문구청점,서울 서대문구 연희로 237 (연희동),서대문구,37.5777796,126.9390623
857,857,이디야,서대문점,서울 서대문구 냉천동,서대문구,37.5777796,126.9390623
858,858,이디야,신촌기차역점,서울 서대문구 신촌역로 35 (창천동),서대문구,37.5650797,126.9399549
859,859,이디야,신촌역점,서울 서대문구 신촌로 87-20 (창천동),서대문구,37.5670897,126.9467503
860,860,이디야,연남동점,서울 서대문구 연희로 42 (연희동),서대문구,37.5627439,126.9214088
861,861,이디야,연세대점,서울 서대문구 연세로12길 10 (창천동),서대문구,37.5663937,126.9387066
862,862,이디야,연희삼거리점,서울 서대문구 연희로 117 (연희동),서대문구,37.5681791,126.9322133
863,863,이디야,이화여대점,"서울 서대문구 이화여대길 26 (대현동, 이화빌딩)",서대문구,37.5618588,126.9468339
864,864,이디야,충정로3가점,"서울 서대문구 경기대로 26-26 (충정로3가, 더스타일하우스디센트럴)",서대문구,37.5615704,126.9626807
865,865,이디야,강남센트럴시티점,"서울 서초구 신반포로 176 (반포동, 센트럴시티)",서초구,37.5047834,127.0034397
866,866,이디야,교대역점,"서울 서초구 서초대로56길 22 (서초동, 성운빌딩)",서초구,Nan,Nan
867,867,이디야,교육개발원사거리점,"서울 서초구 바우뫼로 180 (양재동, 신송빌딩)",서초구,36.8979836,127.5366261
868,868,이디야,국립국악원점,"서울 서초구 남부순환로 2364 (서초동, 국립국악원)",서초구,37.4777592,127.0083043
869,869,이디야,국립중앙도서관디지털관점,"서울 서초구 반포대로 201 (반포동, 국립중앙도서관)",서초구,37.4971902,127.0033029
870,870,이디야,국립중앙도서관본관점,"서울 서초구 반포대로 201 (반포동, 국립중앙도서관)",서초구,37.497689,127.0028333
871,871,이디야,남부터미널점,서울 서초구 서초동 ,서초구,Nan,Nan
872,872,이디야,내방역점,"서울 서초구 서초대로 108 (방배동, 삼보빌딩)",서초구,Nan,Nan
873,873,이디야,반포지하상가점,"서울 서초구 신반포로 지하 200 (잠원동, 강남터미널지하쇼핑몰)",서초구,37.5039744,127.0007494
874,874,이디야,방배백석점,서울 서초구 방배로 42 (방배동),서초구,37.4794939,126.9931207
875,875,이디야,방배역점,서울 서초구 방배로 87 (방배동),서초구,Nan,Nan
876,876,이디야,방배중앙점,"서울 서초구 동광로 1 (방배동, 대양빌딩)",서초구,37.4794939,126.9931207
877,877,이디야,서울고속버스터미널점,"서울 서초구 신반포로 194 (반포동, 강남고속버스터미널)",서초구,37.5518911,126.9917937
878,878,이디야,서울교대점,서울 서초구 서초동 ,서초구,37.5518911,126.9917937
879,879,이디야,서초법조타운점,"서울 서초구 서초중앙로24길 7 (서초동, 동천빌딩)",서초구,37.4854083,127.1194436
880,880,이디야,서초역점,서울 서초구 서초동 ,서초구,37.4732933,127.0312101
881,881,이디야,서초우면중앙점,"서울 서초구 양재대로2길 100-11 (우면동, 서초 리슈빌S)",서초구,37.456613,127.0162785
882,882,이디야,서초점,서울 서초구 서초대로48길 16 (서초동),서초구,37.4732933,127.0312101
883,883,이디야,신사멀버리힐스점,서울 서초구 강남대로 589 (잠원동),서초구,36.4240196,127.3958129
884,884,이디야,양재언남점,"서울 서초구 동산로 60 (양재동, 화성빌딩)",서초구,37.4719823,127.0374623
885,885,이디야,양재점,서울 서초구 남부순환로347길 38 (서초동),서초구,37.4651107,127.0362895
886,886,이디야,양재중앙점,"서울 서초구 강남대로 221 (양재동, 양재역 환승주차장)",서초구,37.483606,127.0342984
887,887,이디야,양재하나로마트점,"서울 서초구 청계산로 10 (양재동, 농협하나로클럽)",서초구,37.4719823,127.0374623
888,888,이디야,예술의전당점,"서울 서초구 반포대로 32 (서초동, 원일빌딩)",서초구,37.4786094,127.0113069
889,889,이디야,우면동점,"서울 서초구 바우뫼로 20 (우면동, 고호빌딩)",서초구,37.46593379999999,127.0179442
890,890,이디야,잠원논현점,서울 서초구 신반포로 333 (잠원동),서초구,37.51296,127.011611
891,891,이디야,청계산입구역점,서울 서초구 신원동,서초구,37.4484375,127.0554375
892,892,이디야,포이점,서울 서초구 마방로10길 42 (양재동),서초구,Nan,Nan
893,893,이디야,고대개운점,서울 성북구 개운사길 30 (안암동5가),성북구,Nan,Nan
894,894,이디야,고대점,서울 성북구 고려대로24길 35 (안암동5가),성북구,Nan,Nan
895,895,이디야,길음뉴타운점,"서울 성북구 길음로 74 (길음동, 길음 에스에이치빌)",성북구,37.6085948,127.0220461
896,896,이디야,돈암동점,서울 성북구 동소문로 119 (동선동4가),성북구,37.5977955,127.0182829
897,897,이디야,돈암아리랑점,"서울 성북구 아리랑로 75 (돈암동, 돈암코오롱하늘채)",성북구,37.5996114,127.0134558
898,898,이디야,돌곶이역점,서울 성북구 돌곶이로22길 3 (석관동),성북구,Nan,Nan
899,899,이디야,동덕여대점,서울 성북구 화랑로 99 (하월곡동),성북구,37.6068163,127.0423832
900,900,이디야,동소문동점,서울 성북구 동소문로13길 5 (동소문동4가),성북구,37.5867232,127.0117083
901,901,이디야,보문역점,서울 성북구 보문로 111 (보문동2가),성북구,Nan,Nan
902,902,이디야,석계중앙점,서울 성북구 화랑로40길 61 (석관동),성북구,Nan,Nan
903,903,이디야,석관동점,"서울 성북구 돌곶이로8길 22 (석관동, 래미안아트리치)",성북구,37.6087633,127.0614552
904,904,이디야,성신여대역점,서울 성북구 동소문로17길 40 (동소문동6가),성북구,37.593909,127.015845
905,905,이디야,성신여대점,서울 성북구 보문로34길 100 (동선동2가),성북구,Nan,Nan
906,906,이디야,안암래미안점,서울 성북구 보문로30가길 42 (안암동1가),성북구,37.5889656,127.02202
907,907,이디야,월곡1동점,서울 성북구 오패산로 99 (하월곡동),성북구,37.6107208,127.0351251
908,908,이디야,월곡동아점,서울 성북구 장월로1길 47 (상월곡동),성북구,37.6046451,127.0393912
909,909,이디야,장위2동점,서울 성북구 화랑로25길 14 (장위동),성북구,37.6092663,127.0524388
910,910,이디야,장위뉴타운점,서울 성북구 장월로 144-1 (장위동),성북구,37.61518720000001,127.0498879
911,911,이디야,장위동점,서울 성북구 월계로40길 7 (장위동),성북구,37.61518720000001,127.0498879
912,912,이디야,장위북서울꿈의숲점,서울 성북구 돌곶이로41가길 2 (장위동),성북구,37.61932410000001,127.0456896
913,913,이디야,장위중앙점,서울 성북구 장위로 35 (장위동),성북구,37.61518720000001,127.0498879
914,914,이디야,정릉중앙점,서울 성북구 정릉로 251 (정릉동),성북구,37.615604,126.9976191
915,915,이디야,종암동점,서울 성북구 종암로 105 (종암동),성북구,37.5971752,127.0338975
916,916,이디야,하월곡동점,서울 성북구 오패산로 16 (하월곡동),성북구,37.6046451,127.0393912
917,917,이디야,한성대역점,서울 성북구 동소문로 19 (동소문동1가),성북구,37.58284829999999,127.0105811
918,918,이디야,가든파이브점,"서울 송파구 충민로 10 (문정동, 가든파이브툴)",송파구,Nan,Nan
919,919,이디야,가든파이브테크노관점,"서울 송파구 충민로 66 (문정동, 가든파이브라이프)",송파구,Nan,Nan
920,920,이디야,가락몰점,"서울 송파구 양재대로 932 (가락동, 가락몰 판매동)",송파구,Nan,Nan
921,921,이디야,가락중앙점,서울 송파구 송이로 87 (가락동),송파구,Nan,Nan
922,922,이디야,개롱역점,"서울 송파구 오금로 407 (오금동, 상아아파트)",송파구,Nan,Nan
923,923,이디야,거여점,서울 송파구 오금로 497 (거여동),송파구,37.4897279,127.1449912
924,924,이디야,문정KDU타워점,"서울 송파구 정의로 70 (문정동, 케이디유타워)",송파구,37.4861088,127.1154062
925,925,이디야,문정문현점,서울 송파구 새말로8길 30 (문정동),송파구,37.4801136,127.1266705
926,926,이디야,문정중앙점,서울 송파구 문정로 31-1 (문정동),송파구,37.4855846,127.1225635
927,927,이디야,문정테라타워점,"서울 송파구 송파대로 167 (문정동, 문정역테라타워)",송파구,37.4855049,127.1195171
928,928,이디야,방이시장점,서울 송파구 백제고분로48길 3 (방이동),송파구,Nan,Nan
929,929,이디야,방이역점,서울 송파구 위례성대로18길 32 (방이동),송파구,Nan,Nan
930,930,이디야,방이초교점,서울 송파구 가락로 280 (방이동),송파구,37.5130915,127.1205626
931,931,이디야,삼전역점,서울 송파구 백제고분로 263 (삼전동),송파구,Nan,Nan
932,932,이디야,삼전중앙점,서울 송파구 백제고분로27길 5 (삼전동),송파구,Nan,Nan
933,933,이디야,서울삼성내과점,"서울 송파구 백제고분로 126 (잠실동, 오룡빌딩)",송파구,37.5208849,126.9698508
934,934,이디야,석촌백제점,"서울 송파구 백제고분로39길 15 (석촌동, 삼경빌딩)",송파구,37.5056483,127.1045
935,935,이디야,석촌사거리점,"서울 송파구 송파대로 409 (석촌동, 범양빌딩)",송파구,37.5034635,127.1082718
936,936,이디야,석촌역점,"서울 송파구 송파대로 456 (송파동, 웅현빌딩)",송파구,37.5054335,127.1069587
937,937,이디야,송파문정점,서울 송파구 송이로 159 (가락동),송파구,37.4855846,127.1225635
938,938,이디야,송파올림픽훼미리타운점,"서울 송파구 중대로 24 (문정동, 올림픽훼밀리타운 아카데미 상가)",송파구,37.4885861,127.1153362
939,939,이디야,송파위례점,"서울 송파구 위례광장로 188 (장지동, 아이온스퀘어)",송파구,37.4800023,127.144229
940,940,이디야,송파파인타운점,"서울 송파구 충민로2길 28 (장지동, 대진플라자2)",송파구,37.4835109,127.1299596
941,941,이디야,송파풍납점,서울 송파구 강동대로9길 17-1 (풍납동),송파구,37.5332133,127.113992
942,942,이디야,송파하비오점,"서울 송파구 송파대로 111 (문정동, 파크하비오)",송파구,37.4813436,127.1222378
943,943,이디야,송파한양점,"서울 송파구 가락로 165 (송파동, 위례캐슬빌)",송파구,37.5056205,127.1152992
944,944,이디야,오금점,"서울 송파구 오금로 306 (가락동, 가락스타클래스)",송파구,Nan,Nan
945,945,이디야,오금중앙점 ,"서울 송파구 위례성대로22길 18 (오금동, 이시돌빌딩)",송파구,Nan,Nan
946,946,이디야,올림픽공원점,서울 송파구 올림픽로 354 (방이동),송파구,37.5206868,127.1214941
947,947,이디야,올림픽프라자점,서울 송파구 양재대로 1222 (방이동),송파구,37.51593200000001,127.1320277
948,948,이디야,위례아이파크점,"서울 송파구 위례광장로 136 (장지동, 위례아이파크)",송파구,37.4764108,127.1420412
949,949,이디야,위례포레샤인점,"서울 송파구 위례순환로 477 (장지동, 위례포레샤인23단지)",송파구,Nan,Nan
950,950,이디야,잠실본동점,"서울 송파구 백제고분로 172 (잠실동, 제이케이빌딩)",송파구,37.5067945,127.0830482
951,951,이디야,잠실역점,"서울 송파구 송파대로 567 (잠실동, 잠실주공아파트)",송파구,Nan,Nan
952,952,이디야,강서초교점,서울 양천구 오목로 48 (신월동),양천구,Nan,Nan
953,953,이디야,남부지방법원점,"서울 양천구 은행정로4길 25 (신정동, SM엘루이아파트)",양천구,37.5225885,126.8637585
954,954,이디야,목3동점,"서울 양천구 목동중앙북로 38 (목동, 롯데캐슬위너아파트)",양천구,Nan,Nan
955,955,이디야,목4동점,서울 양천구 목동중앙본로7길 46 (목동),양천구,Nan,Nan
956,956,이디야,목동로데오점,서울 양천구 목동로 219 (신정동),양천구,37.5278991,126.8644008
957,957,이디야,목동센트럴아이파크위브점,서울 양천구 남부순환로 603 (신월동),양천구,37.5360367,126.8745334
958,958,이디야,목동신목점,"서울 양천구 목동중앙로 85 (목동, 강산아파트)",양천구,37.5360367,126.8745334
959,959,이디야,목동신트리점,"서울 양천구 신정로 312 (신정동, 뉴프라자)",양천구,37.5360367,126.8745334
960,960,이디야,목동아델리체점,"서울 양천구 중앙로43길 14 (신정동, 래미안 목동아델리체)",양천구,Nan,Nan
961,961,이디야,목동역점,서울 양천구 오목로 227 (신정동),양천구,37.5360367,126.8745334
962,962,이디야,목동파라곤점,서울 양천구 목동서로 155 (목동),양천구,37.5360367,126.8745334
963,963,이디야,목동파리공원점,서울 양천구 목동동로 379 (목동),양천구,37.5360367,126.8745334
964,964,이디야,신월5동점,서울 양천구 화곡로 50 (신월동),양천구,Nan,Nan
965,965,이디야,신월7동점,서울 양천구 지양로 79 (신월동),양천구,Nan,Nan
966,966,이디야,신월사거리점,서울 양천구 남부순환로 353 (신월동),양천구,37.535108,126.8281644
967,967,이디야,신정교점,서울 양천구 신목로 36 (신정동),양천구,Nan,Nan
968,968,이디야,신정네거리역점,서울 양천구 중앙로 282 (신정동),양천구,Nan,Nan
969,969,이디야,신정서부점,서울 양천구 신정로11길 50-15 (신정동),양천구,Nan,Nan
970,970,이디야,신정역점,서울 양천구 오목로 155 (신정동),양천구,Nan,Nan
971,971,이디야,양천구청점,서울 양천구 목동동로 63 (신정동),양천구,37.5247402,126.8553909
972,972,이디야,KBS별관점,"서울 영등포구 국제금융로8길 27-9 (여의도동, 동북빌딩)",영등포구,Nan,Nan
973,973,이디야,국회대로점,"서울 영등포구 국회대로72길 4 (여의도동, 아이비피아빌딩)",영등포구,37.5279651,126.9160136
974,974,이디야,국회의사당역점,"서울 영등포구 의사당대로 22 (여의도동, 이룸센터)",영등포구,Nan,Nan
975,975,이디야,남부고용센터점,서울 영등포구 양산로 71 (양평동3가),영등포구,37.5244551,126.8915347
976,976,이디야,당산버드나루점,서울 영등포구 버드나루로 87 (영등포동7가),영등포구,37.5257108,126.9096108
977,977,이디야,당산역점,"서울 영등포구 당산로 222 (당산동5가, 당산디오빌)",영등포구,Nan,Nan
978,978,이디야,당산중앙점,서울 영등포구 당산로 159 (당산동4가),영등포구,37.532938,126.9043654
979,979,이디야,대림1동점,서울 영등포구 도림로 198 (대림동),영등포구,Nan,Nan
980,980,이디야,대림3동점,서울 영등포구 대림로 212 (대림동),영등포구,Nan,Nan
981,981,이디야,대림역점,서울 영등포구 도림로31길 2 (대림동),영등포구,Nan,Nan
982,982,이디야,도림사거리점,서울 영등포구 도림로 326 (신길동),영등포구,Nan,Nan
983,983,이디야,도림점,"서울 영등포구 도신로15길 40 (도림동, 도림빌딩)",영등포구,Nan,Nan
984,984,이디야,라이프점,"서울 영등포구 63로 40 (여의도동, 라이프오피스텔)",영등포구,Nan,Nan
985,985,이디야,보라매역점,서울 영등포구 여의대방로 141 (신길동),영등포구,Nan,Nan
986,986,이디야,서여의도점,"서울 영등포구 국회대로72길 17 (여의도동, KCC파크타운)",영등포구,Nan,Nan
987,987,이디야,선유도역점,서울 영등포구 양평로 126 (양평동5가),영등포구,Nan,Nan
988,988,이디야,신길성애병원점,서울 영등포구 여의대방로53길 27 (신길동),영등포구,37.5118899,126.9215281
989,989,이디야,신길썬프라자점,서울 영등포구 신길로 42 (신길동),영등포구,37.496429,126.9086066
990,990,이디야,신길아이파크점,서울 영등포구 도림로 280 (신길동),영등포구,37.5029408,126.9042156
991,991,이디야,신길역점,서울 영등포구 영등포로 353 (신길동),영등포구,37.5142068,126.9193378
992,992,이디야,신길중앙점,서울 영등포구 도신로 229 (신길동),영등포구,37.505486,126.9130735
993,993,이디야,신풍역점,서울 영등포구 신풍로 52-1 (신길동),영등포구,Nan,Nan
994,994,이디야,양평동2가점,"서울 영등포구 선유서로25길 19 (양평동2가, 오목교투웨니퍼스트)",영등포구,37.5243251,126.8837313
995,995,이디야,여의나루역점,서울 영등포구 여의나루로 113 (여의도동),영등포구,37.527141,126.93281
996,996,이디야,여의도농협재단점,"서울 영등포구 국제금융로8길 2 (여의도동, 농협재단빌딩)",영등포구,37.5219749,126.9300353
997,997,이디야,여의도역점,"서울 영등포구 의사당대로 108 (여의도동, 아일렉스)",영등포구,37.5214005,126.9250315
998,998,이디야,영등포knk점,"서울 영등포구 영신로 220 (영등포동8가, KnK디지털타워)",영등포구,37.526441,126.9041253
999,999,이디야,영등포구청점,서울 영등포구 당산로 110 (당산동3가),영등포구,37.5223245,126.9101692
1000,1000,이디야,영등포그랜드점,"서울 영등포구 양산로9길 15 (양평동3가, 그랜드타워)",영등포구,37.5089587,126.9202027
1001,1001,이디야,영등포본동점,서울 영등포구 영신로19길 15 (영등포동),영등포구,37.5133944,126.9087206
1002,1002,이디야,영등포시장점,서울 영등포구 영등포로35길 19 (영등포동6가),영등포구,Nan,Nan
1003,1003,이디야,영등포아크로타워점,"서울 영등포구 국회대로54길 10 (영등포동7가, 아크로타워 스퀘어)",영등포구,37.523923,126.9059749
1004,1004,이디야,영등포에이스점,서울 영등포구 경인로 775 (문래동3가),영등포구,37.51466569999999,126.8984728
1005,1005,이디야,영등포점,서울 영등포구 영중로 16-1 (영등포동3가),영등포구,37.5223245,126.9101692
1006,1006,이디야,영등포중앙점,서울 영등포구 영중로 37 (영등포동4가),영등포구,37.5223245,126.9101692
1007,1007,이디야,영등포코레일점,"서울 영등포구 경인로 846 (영등포동, 영등포 민자역사)",영등포구,37.5223245,126.9101692
1008,1008,이디야,영등포홈플러스점,"서울 영등포구 당산로 42 (문래동3가, 홈플러스)",영등포구,37.5181504,126.8958956
1009,1009,이디야,한강성심병원점,서울 영등포구 버드나루로 51 (영등포동2가),영등포구,Nan,Nan
1010,1010,이디야,한국수출입은행점,"서울 영등포구 은행로 38 (여의도동, 한국수출입은행빌딩)",영등포구,Nan,Nan
1011,1011,이디야,갈현점,서울 은평구 갈현로 268 (갈현동),은평구,37.621541,126.913578
1012,1012,이디야,구산역점,서울 은평구 연서로 148 (대조동),은평구,Nan,Nan
1013,1013,이디야,구파발역점,"서울 은평구 진관2로 29-21 (진관동, 드림스퀘어)",은평구,37.6380439,126.9190165
1014,1014,이디야,녹번동점,"서울 은평구 진흥로 156 (녹번동, 신명빌딩)",은평구,37.6046138,126.9323836
1015,1015,이디야,녹번중앙점,"서울 은평구 통일로 635 (녹번동, 녹번동메카오피스텔)",은평구,37.6015018,126.9262792
1016,1016,이디야,백련산아이파크점,"서울 은평구 응암로 264 (응암동, 서울빌딩)",은평구,37.5952863,126.91888
1017,1017,이디야,본서부병원점,"서울 은평구 응암로 337 (응암동, 빛터룩스 빌딩)",은평구,37.601057,126.922093
1018,1018,이디야,불광역점,서울 은평구 통일로 731 (대조동),은평구,37.6191594,126.9355669
1019,1019,이디야,불광중앙점,서울 은평구 불광로 59 (불광동),은평구,37.6178609,126.9238345
1020,1020,이디야,새절역점,서울 은평구 가좌로 272 (신사동),은평구,37.59203050000001,126.913614
1021,1021,이디야,서광교회점,"서울 은평구 통일로 951 (갈현동, 서광교회)",은평구,Nan,Nan
1022,1022,이디야,수색역점,서울 은평구 수색로 250 (수색동),은평구,Nan,Nan
1023,1023,이디야,역촌동점,서울 은평구 갈현로 82 (역촌동),은평구,37.6045773,126.9146251
1024,1024,이디야,역촌사거리점,서울 은평구 서오릉로 100 (대조동),은평구,37.6084175,126.9200573
1025,1025,이디야,역촌역점,서울 은평구 진흥로 95 (역촌동),은평구,37.6045773,126.9146251
1026,1026,이디야,역촌진흥로점,서울 은평구 진흥로1길 3 (역촌동),은평구,37.6081391,126.9323304
1027,1027,이디야,연신내역점,서울 은평구 통일로 855-9 (갈현동),은평구,37.618812,126.920842
1028,1028,이디야,연신내통일로점,서울 은평구 통일로 876 (불광동),은평구,37.6211624,126.9202577
1029,1029,이디야,은평구청점,서울 은평구 은평로 197 (녹번동),은평구,37.6010575,126.9296677
1030,1030,이디야,은평이마트점,"서울 은평구 은평로 111 (응암동, 은평이마트)",은평구,37.6003946,126.9202149
1031,1031,이디야,응암역점,"서울 은평구 연서로 9 (역촌동, 센타폴리스)",은평구,37.6009085,126.9330857
1032,1032,이디야,응암오거리점,서울 은평구 응암로 211 (응암동),은평구,37.5896698,126.9173637
1033,1033,이디야,응암중앙점,서울 은평구 응암로 183 (응암동),은평구,37.5994302,126.9304964
1034,1034,이디야,경복궁역점,"서울 종로구 자하문로 7 (체부동, 성명빌딩)",종로구,Nan,Nan
1035,1035,이디야,경희궁점,서울 종로구 경희궁1길 16 (신문로2가),종로구,37.5712378,126.9681688
1036,1036,이디야,광화문점,서울 종로구 세종대로23길 15 (도렴동),종로구,37.5709413,126.977787
1037,1037,이디야,낙원동점,서울 종로구 낙원동 ,종로구,37.8792639,127.7241321
1038,1038,이디야,대학로점,서울 종로구 대학로10길 17 (동숭동),종로구,37.5782763,127.0016013
1039,1039,이디야,독립문역점,서울 종로구 통일로 266 (무악동),종로구,Nan,Nan
1040,1040,이디야,동대문역점,"서울 종로구 율곡로 286 (종로6가, 야드인빌딩)",종로구,37.5819561,127.054846
1041,1041,이디야,동묘역점,서울 종로구 종로 354 (숭인동),종로구,Nan,Nan
1042,1042,이디야,방통대점,서울 종로구 대학로 81-1 (연건동),종로구,37.5788204,127.0029303
1043,1043,이디야,배화여대점,서울 종로구 필운대로1길 35 (필운동),종로구,37.5777646,126.967502
1044,1044,이디야,북촌마을점,서울 종로구 북촌로5길 39 (화동),종로구,37.5793517,126.9826905
1045,1045,이디야,삼일빌딩점,서울 종로구 삼일대로15길 13 (관철동),종로구,37.5687424,126.9867265
1046,1046,이디야,상명대점,서울 종로구 홍지동,종로구,37.602638,126.955252
1047,1047,이디야,성균관대점,서울 종로구 성균관로 8 (명륜2가),종로구,37.588227,126.993606
1048,1048,이디야,숭인점,서울 종로구 숭인동길 6 (숭인동),종로구,37.5755779,127.0189448
1049,1049,이디야,신설점,서울 종로구 난계로29길 30 (숭인동),종로구,Nan,Nan
1050,1050,이디야,종로3가점,서울 종로구 종로 126 (종로3가),종로구,37.5705376,126.9901047
1051,1051,이디야,종로4가점,서울 종로구 김상옥로 1 (인의동),종로구,Nan,Nan
1052,1052,이디야,종로5가점,서울 종로구 대학로 33 (효제동),종로구,37.5740221,127.0018054
1053,1053,이디야,종로교차로점,서울 종로구 동호로 406-1 (종로5가),종로구,37.5705613,127.002241
1054,1054,이디야,종로구청점,서울 종로구 수송동,종로구,37.5949159,126.977339
1055,1055,이디야,종로삼일대로점,서울 종로구 삼일대로 390-1 (관철동),종로구,37.57289,126.9872414
1056,1056,이디야,종로타워점,"서울 종로구 종로 51 (종로2가, 종로타워)",종로구,37.57079,126.98356
1057,1057,이디야,창덕궁점,서울 종로구 돈화문로 41-1 (묘동),종로구,37.5760948,126.9902983
1058,1058,이디야,창신중앙점 ,서울 종로구 지봉로 64 (숭인동),종로구,37.5756904,127.0158154
1059,1059,이디야,탑골공원점,서울 종로구 낙원동 ,종로구,37.5705979,126.9906892
1060,1060,이디야,혜화동로터리점,서울 종로구 혜화로 3-1 (혜화동),종로구,37.5860305,127.0005638
1061,1061,이디야,강동고덕교차로점,"서울 강동구 고덕로 421 (강일동, 대한연세요양원)",강동구,37.5573333,127.1724302
1062,1062,이디야,강동구청점,"서울 강동구 성내로6길 20 (성내동, 청일 베르네)",강동구,37.5504483,127.1470117
1063,1063,이디야,강동성내점,서울 강동구 풍성로 162 (성내동),강동구,37.5250705,127.1341777
1064,1064,이디야,강동신명초교점,"서울 강동구 명일로 260 (길동, 길동신동아아파트)",강동구,37.5411617,127.1474294
1065,1065,이디야,강동역점,"서울 강동구 천호대로 1065 (천호동, 강동상떼빌)",강동구,37.5504483,127.1470117
1066,1066,이디야,강일점,"서울 강동구 아리수로93길 19 (강일동, 임페리얼타워)",강동구,Nan,Nan
1067,1067,이디야,고덕강일2지구점,서울 강동구 아리수로93나길 76 (강일동),강동구,37.5725346,127.1758293
1068,1068,이디야,고덕그라시움후문점,서울 강동구 동남로82길 121 (고덕동),강동구,37.55777399999999,127.1639117
1069,1069,이디야,고덕점,"서울 강동구 동남로75길 19 (명일동, 명일빌딩)",강동구,Nan,Nan
1070,1070,이디야,길동사거리점,서울 강동구 천호대로 1132 (성내동),강동구,37.5339306,127.1385659
1071,1071,이디야,길동역점,서울 강동구 양재대로 1471 (길동),강동구,37.5396157,127.1459293
1072,1072,이디야,길동중앙점,서울 강동구 명일로 200 (길동),강동구,37.5376246,127.1402323
1073,1073,이디야,둔촌점,서울 강동구 양재대로 1377 (성내동),강동구,37.5282539,127.1447139
1074,1074,이디야,명일역점,"서울 강동구 구천면로 424 (명일동, 명일메가타운)",강동구,37.55131,127.144014
1075,1075,이디야,명일중앙점,"서울 강동구 상암로 210 (명일동, 명일현대종합상가)",강동구,37.552608,127.1424902
1076,1076,이디야,보훈병원점,"서울 강동구 명일로 110 (둔촌동, 둔촌동암펠로스타워)",강동구,Nan,Nan
1077,1077,이디야,상일리엔파크점,"서울 강동구 상일로 74 (상일동, 고덕리엔파크3단지아파트)",강동구,35.2665934,128.2337839
1078,1078,이디야,암사중앙점,"서울 강동구 암사길 50 (암사동, 제이빌더스)",강동구,37.5578058,127.1310675
1079,1079,이디야,올림픽북문점,서울 강동구 성안로 7 (성내동),강동구,Nan,Nan
1080,1080,이디야,천호로데오점,서울 강동구 천호대로 1027 (천호동),강동구,37.5443765,127.1276202
1081,1081,이디야,천호역점,서울 강동구 천호대로 1006 (성내동),강동구,37.5443765,127.1276202
1082,1082,이디야,천호중앙점,"서울 강동구 올림픽로 660 (천호동, 천호엘크루주상복합)",강동구,37.5443765,127.1276202
1083,1083,이디야,천호초교사거리점,"서울 강동구 구천면로 304 (천호동, 일주빌딩)",강동구,37.5467973,127.1346829
1084,1084,이디야,개봉역점,서울 구로구 남부순환로97길 11 (개봉동),구로구,Nan,Nan
1085,1085,이디야,개봉중앙점,서울 구로구 개봉로3길 26 (개봉동),구로구,Nan,Nan
1086,1086,이디야,개봉현대점,서울 구로구 개봉로 69 (개봉동),구로구,37.494698,126.858504
1087,1087,이디야,고척사거리점,"서울 구로구 고척로 228-6 (고척동, 종만빌딩)",구로구,37.5062959,126.8581456
1088,1088,이디야,고척스카이돔점,"서울 구로구 경인로 397 (고척동, 골든타워빌딩)",구로구,37.498182,126.8670082
1089,1089,이디야,구로NC점,서울 구로구 구로동로 240 (구로동),구로구,37.4999337,126.8828521
1090,1090,이디야,구로거리공원점,서울 구로구 구로중앙로28길 73 (구로동),구로구,37.4944134,126.8563336
1091,1091,이디야,구로고척점,"서울 구로구 고척로 149 (고척동, 상암빌딩)",구로구,37.4944134,126.8563336
1092,1092,이디야,구로구청점,"서울 구로구 가마산로25길 9 (구로동, 네오팰리스)",구로구,37.4939032,126.8876471
1093,1093,이디야,구로궁동점,서울 구로구 오리로 1304 (궁동) 1층,구로구,37.5004389,126.8285296
1094,1094,이디야,구로미성점,"서울 구로구 구로중앙로 228 (신도림동, 기임빌딩)",구로구,37.5061515,126.8766478
1095,1095,이디야,구로에이스점,서울 구로구 디지털로33길 11 (구로동),구로구,37.4944134,126.8563336
1096,1096,이디야,구로역광장점,"서울 구로구 경인로 572 (구로동, 스타팰리스)",구로구,37.5029356,126.8807663
1097,1097,이디야,구로이마트점,서울 구로구 디지털로32길 43 (구로동),구로구,37.484317,126.897924
1098,1098,이디야,구로중앙점,서울 구로구 도림로 79 (구로동),구로구,37.4944134,126.8563336
1099,1099,이디야,구로코레일점,"서울 구로구 구로중앙로 174 (구로동, 구로역)",구로구,37.5031784,126.8820367
1100,1100,이디야,구일역점,"서울 구로구 구일로 110 (구로동, 해원리버파크)",구로구,37.496261,126.86959
1101,1101,이디야,남구로역점,서울 구로구 디지털로27길 127 (가리봉동),구로구,37.486087,126.887272
1102,1102,이디야,메르디앙고척점,"서울 구로구 중앙로8길 11 (고척동, 고척 월드메르디앙)",구로구,37.5047005,127.0275166
1103,1103,이디야,성공회대점,서울 구로구 연동로 312 (항동),구로구,37.4876806,126.8243201
1104,1104,이디야,신도림메르디앙점,"서울 구로구 신도림로 65 (신도림동, 신도림월드메르디앙오피스텔)",구로구,37.509516,126.8820471
1105,1105,이디야,신도림테크노마트점,서울 구로구 새말로 97 (구로동),구로구,Nan,Nan
1106,1106,이디야,오류남부점,서울 구로구 오류로8길 65 (오류동),구로구,37.4926091,126.8437777
1107,1107,이디야,오류북부역점,서울 구로구 경인로20길 6 (오류동),구로구,Nan,Nan
1108,1108,이디야,경희대점,서울 동대문구 경희대로 4 (회기동),동대문구,Nan,Nan
1109,1109,이디야,경희대캠퍼스점,"서울 동대문구 경희대로 26 (회기동, 경희대학교,경희초,중,고,여자중고등학교)",동대문구,37.2429616,127.0800525
1110,1110,이디야,답십리사거리점,서울 동대문구 답십리로 145 (답십리동),동대문구,37.57286879999999,127.057406
1111,1111,이디야,답십리파크자이점,"서울 동대문구 한천로 55 (답십리동, 영진빌딩)",동대문구,37.5669827,127.0618884
1112,1112,이디야,동대문구청점,서울 동대문구 천호대로 153-1 (용두동),동대문구,37.5819561,127.054846
1113,1113,이디야,동부병원사거리점,서울 동대문구 무학로 104 (용두동),동대문구,37.5735046,127.0309651
1114,1114,이디야,배봉초교사거리점,서울 동대문구 답십리로63길 131 (장안동),동대문구,37.5814261,127.0706893
1115,1115,이디야,서울시립대점,"서울 동대문구 서울시립대로 164 (전농동, 도석프라자)",동대문구,37.5838657,127.0587771
1116,1116,이디야,신설동역점,서울 동대문구 천호대로 11-3 (신설동),동대문구,37.5760345,127.0228815
1117,1117,이디야,외대점,서울 동대문구 휘경로 12 (이문동),동대문구,Nan,Nan
1118,1118,이디야,용두동사거리점,서울 동대문구 왕산로 68 (용두동),동대문구,37.577701,127.0304641
1119,1119,이디야,용두동점,서울 동대문구 고산자로 413-1 (용두동),동대문구,37.5757257,127.034286
1120,1120,이디야,이문점 ,서울 동대문구 신이문로 19 (이문동),동대문구,Nan,Nan
1121,1121,이디야,장안동사거리점,서울 동대문구 답십리로 309 (장안동),동대문구,37.572295,127.0748317
1122,1122,이디야,장안동점,서울 동대문구 장한로 43 (장안동),동대문구,37.570207,127.0700249
1123,1123,이디야,장안중랑천점,서울 동대문구 장한로18길 32 (장안동),동대문구,34.2658138,108.9540936
1124,1124,이디야,장안중앙점,서울 동대문구 사가정로25길 42 (장안동),동대문구,37.5661527,127.0680753
1125,1125,이디야,장한평군자초교점,서울 동대문구 한천로2길 53 (장안동),동대문구,37.5644532,127.061517
1126,1126,이디야,전농뉴타운점,서울 동대문구 답십리로 77 (전농동),동대문구,36.6215481,127.5078891
1127,1127,이디야,전농사거리점,서울 동대문구 사가정로 132 (전농동),동대문구,Nan,Nan
1128,1128,이디야,청량리점,서울 동대문구 왕산로 225 (청량리동),동대문구,37.580676,127.0476654
1129,1129,이디야,촬영소사거리점,서울 동대문구 답십리로 264 (장안동),동대문구,37.5727301,127.0662663
1130,1130,이디야,회기역점,"서울 동대문구 망우로 67 (휘경동, 효자 워너빌)",동대문구,37.58975600000001,127.057977
1131,1131,이디야,논골사거리점,서울 성동구 난계로 35 (금호동1가),성동구,37.5556203,127.0247986
1132,1132,이디야,답십리로데오점,서울 성동구 용답19길 17-1 (용답동),성동구,37.5696452,127.0552808
1133,1133,이디야,뚝섬역점,서울 성동구 상원길 38-1 (성수동1가),성동구,37.547206,127.047405
1134,1134,이디야,마장동점,서울 성동구 고산자로 339-2 (마장동),성동구,37.5669747,127.040228
1135,1135,이디야,마장역점,서울 성동구 마장로 293-1 (마장동),성동구,Nan,Nan
1136,1136,이디야,상왕십리역점,서울 성동구 무학봉15길 27 (하왕십리동),성동구,37.5645,127.028872
1137,1137,이디야,성동구청점,서울 성동구 고산자로 269 (도선동),성동구,37.5650083,127.0367972
1138,1138,이디야,성수아카데미점,서울 성동구 성수이로 118 (성수동2가),성동구,37.3370808,127.9639915
1139,1139,이디야,성수우리W타워점,서울 성동구 아차산로15길 19 (성수동2가),성동구,37.5447256,127.0621362
1140,1140,이디야,성수중앙점,"서울 성동구 성수일로6길 47 (성수동2가, 현성빌딩)",성동구,Nan,Nan
1141,1141,이디야,신금호역점,서울 성동구 금호산길 64 (금호동2가),성동구,Nan,Nan
1142,1142,이디야,옥수동점,서울 성동구 매봉길 12 (옥수동),성동구,37.5438285,127.013956
1143,1143,이디야,왕십리비트플렉스점,서울 성동구 왕십리광장로 17 (행당동),성동구,37.5619717,127.0383953
1144,1144,이디야,왕십리센트라스점,서울 성동구 무학로 22 (홍익동),성동구,37.5663196,127.0236616
1145,1145,이디야,왕십리역점,서울 성동구 왕십리로 309 (행당동),성동구,Nan,Nan
1146,1146,이디야,응봉동점,"서울 성동구 독서당로 381 (응봉동, 현대종합상가)",성동구,37.5515276,127.0330901
1147,1147,이디야,장한평역점,서울 성동구 천호대로 426 (용답동),성동구,37.562563,127.0631102
1148,1148,이디야,텐즈힐점,"서울 성동구 무학로 33 (하왕십리동, 텐즈힐)",성동구,Nan,Nan
1149,1149,이디야,IBK고객센터점,"서울 용산구 한남대로 72 (한남동, IBK기업은행고객센터)",용산구,Nan,Nan
1150,1150,이디야,동부이촌동점,서울 용산구 이촌로77길 19 (이촌동),용산구,37.5174531,126.9665337
1151,1151,이디야,동자동점,서울 용산구 후암로 93 (동자동),용산구,37.5520713,126.9724315
1152,1152,이디야,삼각지점,서울 용산구 한강대로 138 (한강로2가),용산구,Nan,Nan
1153,1153,이디야,숙대입구역점,서울 용산구 한강대로 289 (갈월동),용산구,Nan,Nan
1154,1154,이디야,순천향병원점,서울 용산구 대사관로 72 ,용산구,Nan,Nan
1155,1155,이디야,용문점,서울 용산구 원효로41길 73 (원효로2가),용산구,Nan,Nan
1156,1156,이디야,용산원효점,"서울 용산구 원효로 70 (원효로4가, 신정빌딩)",용산구,37.5313805,126.9798839
1157,1157,이디야,용산중앙점,서울 용산구 한강대로 52-1 (한강로3가),용산구,36.9615597,127.942901
1158,1158,이디야,용산청파점,"서울 용산구 청파로71길 10 (청파동1가, 새마을금고)",용산구,37.5313805,126.9798839
1159,1159,이디야,용산효창점,서울 용산구 효창원로66길 2 (효창동),용산구,37.53910279999999,126.9648104
1160,1160,이디야,용산후암점,"서울 용산구 후암로 40-2 (후암동, 성원빌딩)",용산구,37.5498982,126.9806255
1161,1161,이디야,원효로점,서울 용산구 원효로 257 (원효로1가),용산구,37.5358858,126.9582998
1162,1162,이디야,금란망우점,서울 중랑구 망우로 460 (망우동),중랑구,37.59958719999999,127.106326
1163,1163,이디야,동원사거리점,"서울 중랑구 겸재로 240 (면목동, 행복오피스텔)",중랑구,37.589608,127.0941645
1164,1164,이디야,망우동점,서울 중랑구 망우로 416 (망우동),중랑구,37.598983,127.0975
1165,1165,이디야,망우중앙점,"서울 중랑구 용마산로115길 109 (망우동, 한일써너스빌리젠시2단지)",중랑구,37.59958719999999,127.106326
1166,1166,이디야,망우코레일점,"서울 중랑구 망우로55길 11-10 (상봉동, 망우역)",중랑구,37.598603,127.092882
1167,1167,이디야,먹골역점,서울 중랑구 동일로157길 13 (묵동),중랑구,Nan,Nan
1168,1168,이디야,면목경남아너스빌점,서울 중랑구 면목로27길 92 (면목동),중랑구,35.36956300000001,128.2570135
1169,1169,이디야,면목늘찬병원점,"서울 중랑구 동일로 643 (면목동, 늘찬병원)",중랑구,37.587773,127.0797346
1170,1170,이디야,면목역점,"서울 중랑구 면목로 429 (면목동, 킴스아파트)",중랑구,Nan,Nan
1171,1171,이디야,봉화산역점,서울 중랑구 신내로 211 (신내동),중랑구,Nan,Nan
1172,1172,이디야,사가정아이파크점,"서울 중랑구 동일로92길 57 (면목동, 메디포레)",중랑구,Nan,Nan
1173,1173,이디야,사가정역점,서울 중랑구 면목로 325 (면목동),중랑구,Nan,Nan
1174,1174,이디야,상봉엠코점,"서울 중랑구 망우로 353 (상봉동, 상봉 프레미어스 엠코)",중랑구,37.5977702,127.0898521
1175,1175,이디야,상봉역점,서울 중랑구 망우로 277 (상봉동),중랑구,Nan,Nan
1176,1176,이디야,상봉중앙점,서울 중랑구 망우로 316 (상봉동),중랑구,Nan,Nan
1177,1177,이디야,서울상봉1동점,서울 중랑구 상봉중앙로 36 (상봉동),중랑구,37.5972353,127.0859765
1178,1178,이디야,서울의료원점,"서울 중랑구 신내로 156 (신내동, 서울의료원)",중랑구,37.612781,127.0981787
1179,1179,이디야,서울중화초등학교점,"서울 중랑구 신내로7가길 7 (신내동, 제이리옴)",중랑구,37.60333790000001,127.0944849
1180,1180,이디야,서일중앙점,"서울 중랑구 용마산로 394 (면목동, 해동검도)",중랑구,Nan,Nan
1181,1181,이디야,신내동점,서울 중랑구 봉화산로 215 (신내동),중랑구,37.6126006,127.1008186
1182,1182,이디야,양원역점,서울 중랑구 양원역로14가길 24 (망우동),중랑구,Nan,Nan
1183,1183,이디야,우림시장점,서울 중랑구 봉우재로 240 (망우동),중랑구,Nan,Nan
1184,1184,이디야,중랑교차로점,서울 중랑구 동일로 683 (면목동),중랑구,37.5913937,127.0798713
1185,1185,이디야,중랑묵동점,"서울 중랑구 동일로 932 (묵동, 묵동자이아파트)",중랑구,37.612732,127.0797858
1186,1186,이디야,중랑역점,서울 중랑구 망우로 198 (상봉동),중랑구,37.5978139,127.0928927
1187,1187,이디야,중화동점,서울 중랑구 동일로129길 1 (중화동),중랑구,37.6005095,127.0781428
1188,1188,이디야,중화역점,"서울 중랑구 동일로 815, 1층",중랑구,Nan,Nan
